Genotype,Mean,SE,Class,Parent1,Parent2,Male-P1,Female-P2,MPV,HPV,MPH,HPH,TAM111,FREEMAN,RUTH,WESLEY
NXB15-6006,2656.622983,202.0707133,Hybrid,TX11D3049,NE07531,2494.817283,2411.29821,2453.057747,2494.817283,8.298428206,6.485673341,-4.002131179,-0.008227758,6.688808637,12.97297806
NXB15-6007,2735.82401,202.2444931,Hybrid,TX10D2363,NE07531,2608.503863,2411.29821,2509.901037,2608.503863,9.001270166,4.880964465,-1.140178286,2.972794065,9.869487004,16.3410043
NXB15-6010,2486.003077,201.6961824,Hybrid,TX12M4063,NE07531,2037.988611,2411.29821,2224.643411,2411.29821,11.74838471,3.09811812,-10.16753268,-6.430135143,-0.163211611,5.717361061
NXB15-6011,2390.476414,202.1305973,Hybrid,TX11D3129,NE07531,2156.644442,2411.29821,2283.971326,2411.29821,4.66315345,-0.863509802,-13.61941733,-10.02563229,-3.999520321,1.655086628
NXB15-6014,2399.522263,202.0683898,Hybrid,TX09D1172,NE07531,2360.651539,2411.29821,2385.974874,2411.29821,0.567792609,-0.488365422,-13.29254283,-9.685158478,-3.636242981,2.039761679
NXB15-6015,2511.09255,202.5532333,Hybrid,TX11D3008,NE07531,2102.459202,2411.29821,2256.878706,2411.29821,11.26395687,4.138614611,-9.260917034,-5.485800582,0.844370582,6.784291721
NXB15-6018,2614.395381,202.2410751,Hybrid,TX10D2230,NE07531,2499.968092,2411.29821,2455.633151,2499.968092,6.465225889,4.577149986,-5.528038223,-1.597618767,4.992966775,11.17724795
NXB15-6019,2604.941992,202.1950199,Hybrid,TX11D3026,NE07531,2294.282432,2411.29821,2352.790321,2411.29821,10.71713314,8.030685773,-5.86963927,-1.953431813,4.613322839,10.77524228
NXB15-6022,2616.492786,201.6872188,Hybrid,TX11D3112,NE07531,2747.390351,2411.29821,2579.344281,2747.390351,1.440230567,-4.764432757,-5.452247895,-1.518675251,5.077197602,11.26644013
NXB15-6023,2618.460232,201.6709379,Hybrid,TX12M4004,NE07531,2609.97632,2411.29821,2510.637265,2609.97632,4.294645383,0.325057075,-5.381153619,-1.444623162,5.156209394,11.35010586
NXB15-6026,2720.750136,202.3422494,Hybrid,TX10D2063,NE07531,2360.300452,2411.29821,2385.799331,2411.29821,14.03935362,12.83341582,-1.684877244,2.405433406,9.264126868,15.69998732
NXB15-6027,2569.877948,202.6171569,Hybrid,TX12M4065,NE07531,2426.342153,2411.29821,2418.820181,2426.342153,6.245101151,5.915727737,-7.136689025,-3.273196012,3.205166278,9.284142678
NXB15-6030,2580.369266,202.5384174,Hybrid,NE10589,NE07531,2556.327067,2411.29821,2483.812639,2556.327067,3.887436023,0.940497755,-6.757582116,-2.878316707,3.62649297,9.730286296
NXB15-6031,2509.219733,200.5477409,Hybrid,Freeman,NE07531,2656.841581,2411.29821,2534.069896,2656.841581,-0.980642362,-5.556290952,-9.328591855,-5.556290952,0.769159059,6.704650099
NXB15-6034,2426.08297,202.046655,Hybrid,NE07531,NE07531,2411.29821,2411.29821,2411.29821,2411.29821,0.61314523,0.61314523,-12.33276372,-8.685448641,-2.569576704,3.169256585
NXB15-6035,2469.983151,202.5946358,Hybrid,Robidoux,NE07531,2420.841986,2411.29821,2416.070098,2420.841986,2.231435772,2.029920363,-10.74641753,-7.033103962,-0.806564795,5.036113177
NXB15-6038,2434.616461,202.2492169,Hybrid,NE09517-1,NE07531,2817.401877,2411.29821,2614.350044,2817.401877,-6.874885893,-13.58646841,-12.02440346,-8.364259325,-2.226875453,3.532143578
NXB15-6039,2382.370744,201.4969468,Hybrid,NE10683,NE07531,2267.440592,2411.29821,2339.369401,2411.29821,1.838159573,-1.199663581,-13.91231815,-10.33071898,-4.32504046,1.310392747
NXB15-6042,2409.49839,202.8960731,Hybrid,WESLEY,NE07531,2351.556123,2411.29821,2381.427166,2411.29821,1.178756324,-0.074641135,-12.93205251,-9.309670289,-3.235606142,2.463996773
NXB15-6043,2284.167927,202.3575845,Hybrid,PSB13NEDH-15-58W,NE07531,2035.344339,2411.29821,2223.321275,2411.29821,2.736745814,-5.27227545,-17.46090642,-14.02694301,-8.268822332,-2.865685219
NXB15-6046,2397.370503,201.2870333,Hybrid,Settler CL,NE07531,2515.797261,2411.29821,2463.547735,2515.797261,-2.686257365,-4.707325175,-13.37029734,-9.766147894,-3.722656734,1.948257995
NXB15-6050,2397.287155,230.234843,Hybrid,OVERLAND,NE07531,2630.770863,2411.29821,2521.034536,2630.770863,-4.908595235,-8.875106182,-13.37330913,-9.769284989,-3.726003939,1.944713633
NXB15-6054,2070.160111,202.281651,Hybrid,Panhandle,NE07531,2333.911096,2411.29821,2372.604653,2411.29821,-12.7473636,-14.14748691,-25.19414305,-22.08191387,-16.86328191,-11.96637446
NXB15-6066,2520.096507,230.2370672,Hybrid,OVERLAND,TX11D3112,2630.770863,2747.390351,2689.080607,2747.390351,-6.284084606,-8.273081568,-8.935556365,-5.14690358,1.205965507,7.16718526
NXB15-6070,2246.162785,202.1779802,Hybrid,NE10683,TX11D3112,2267.440592,2747.390351,2507.415472,2747.390351,-10.41920214,-18.24376962,-18.83423361,-15.45740622,-9.795092068,-4.481855083
NXB15-6071,2265.813344,202.2144717,Hybrid,Robidoux,TX11D3112,2420.841986,2747.390351,2584.116169,2747.390351,-12.31766702,-17.52852511,-18.12415477,-14.71778521,-9.00593429,-3.646214444
NXB15-6074,2338.730306,202.2081835,Hybrid,WESLEY,TX11D3112,2351.556123,2747.390351,2549.473237,2747.390351,-8.266136257,-14.87448064,-15.48927848,-11.9732873,-6.077621232,-0.545418296
NXB15-6075,2612.402598,230.0187899,Hybrid,NE09517-1,TX11D3112,2817.401877,2747.390351,2782.396114,2817.401877,-6.109608733,-7.276181669,-5.600048036,-1.672624481,4.912937487,11.09250479
NXB15-6078,2396.330489,202.2205464,Hybrid,NE07531,TX11D3112,2411.29821,2747.390351,2579.344281,2747.390351,-7.095361157,-12.77793899,-13.40787857,-9.805292659,-3.764423255,1.904031349
NXB15-6079,2523.918159,230.2104557,Hybrid,Settler CL,TX11D3112,2515.797261,2747.390351,2631.593806,2747.390351,-4.09165149,-8.133980392,-8.797459812,-5.003061647,1.35944138,7.329701147
NXB15-6082,2370.900876,228.7001513,Hybrid,Panhandle,TX11D3112,2333.911096,2747.390351,2540.650724,2747.390351,-6.681353166,-13.70353051,-14.32678524,-10.7624296,-4.785665279,0.822636268
NXB15-6083,2521.12276,202.5827012,Hybrid,NE10589,TX11D3112,2556.327067,2747.390351,2651.858709,2747.390351,-4.929974184,-8.235727831,-8.898472406,-5.108276777,1.247179374,7.210826701
NXB15-6086,2379.145845,202.6332519,Hybrid,Freeman,TX11D3112,2656.841581,2747.390351,2702.115966,2747.390351,-11.95248928,-13.40342869,-14.02885083,-10.4520999,-4.454550972,1.173253824
NXB15-6087,2172.258027,202.2446358,Hybrid,PSB13NEDH-15-58W,TX11D3112,2035.344339,2747.390351,2391.367345,2747.390351,-9.162511951,-20.9337681,-21.50480424,-18.23908351,-12.76307462,-7.624657332
NXB15-6094,2207.193871,229.4327818,Hybrid,TX11D3049,TX11D3112,2494.817283,2747.390351,2621.103817,2747.390351,-15.79143656,-19.66216705,-20.24238702,-16.92414457,-11.3600665,-6.139009422
NXB15-6095,2170.584888,202.1071472,Hybrid,TX11D3008,TX11D3112,2102.459202,2747.390351,2424.924777,2747.390351,-10.48856819,-20.99466729,-21.5652636,-18.30205822,-12.83026712,-7.695807599
NXB15-6098,2426.336729,202.6084815,Hybrid,TX10D2363,TX11D3112,2608.503863,2747.390351,2677.947107,2747.390351,-9.395644059,-11.68576654,-12.32359407,-8.675897489,-2.559385855,3.180047694
NXB15-6099,2009.333996,202.0291206,Hybrid,TX11D3129,TX11D3112,2156.644442,2747.390351,2452.017397,2747.390351,-18.0538442,-26.86390578,-27.39211298,-24.37132833,-19.30603191,-14.55300698
NXB15-6102,2568.783811,202.5770334,Hybrid,TX11D3026,TX11D3112,2294.282432,2747.390351,2520.836392,2747.390351,1.902044074,-6.500952452,-7.17622601,-3.314377897,3.161226201,9.237614448
NXB15-6103,2590.820897,201.1693066,Hybrid,TX11D3112,TX11D3112,2747.390351,2747.390351,2747.390351,2747.390351,-5.698842698,-5.698842698,-6.379909294,-2.484931153,4.046225866,10.17474224
NXB15-6106,2222.15574,201.1707329,Hybrid,TX10D2230,TX11D3112,2499.968092,2747.390351,2623.679222,2747.390351,-15.30383284,-19.11758231,-19.70173541,-16.36099964,-10.75920445,-5.502755475
NXB15-6107,2454.670342,202.2972196,Hybrid,TX12M4004,TX11D3112,2609.97632,2747.390351,2678.683335,2747.390351,-8.362802366,-10.65447468,-11.29975046,-7.609457802,-1.421520438,4.384935503
NXB15-6110,2404.910275,230.9442719,Hybrid,TX12M4065,TX11D3112,2426.342153,2747.390351,2586.866252,2747.390351,-7.033837846,-12.46565042,-13.09784543,-9.482360872,-3.419862828,2.268887026
NXB15-6111,2330.984114,203.1124999,Hybrid,TX12M4063,TX11D3112,2037.988611,2747.390351,2392.689481,2747.390351,-2.578912442,-15.15642787,-15.76918942,-12.26484368,-6.388704852,-0.87482532
NXB15-6114,2254.605413,202.5488685,Hybrid,TX10D2063,TX11D3112,2360.300452,2747.390351,2553.845402,2747.390351,-11.71723194,-17.93647337,-18.52915672,-15.1396369,-9.456039863,-4.122832073
NXB15-6126,2385.42259,203.0889743,Hybrid,TX10D2230,NE10589,2499.968092,2556.327067,2528.14758,2556.327067,-5.645437442,-6.685548176,-13.80203877,-10.21585153,-4.202479668,1.440172596
NXB15-6127,2466.917403,202.1213024,Hybrid,TX11D3008,NE10589,2102.459202,2556.327067,2329.393135,2556.327067,5.903866798,-3.49758315,-10.85719925,-7.14849466,-0.929683886,4.905742143
NXB15-6130,2444.316908,230.2351605,Hybrid,TX11D3129,NE10589,2156.644442,2556.327067,2356.485755,2556.327067,3.727209172,-4.381683428,-11.67387491,-7.999147362,-1.837309797,3.944655376
NXB15-6131,2263.218359,202.027752,Hybrid,TX10D2063,NE10589,2360.300452,2556.327067,2458.31376,2556.327067,-7.936147271,-11.46600964,-18.21792531,-14.81545699,-9.110147721,-3.756566239
NXB15-6134,2534.365527,202.1075858,Hybrid,TX10D2363,NE10589,2608.503863,2556.327067,2582.415465,2608.503863,-1.860658709,-2.842178511,-8.419941029,-4.609836541,1.779003081,7.773975814
NXB15-6135,2562.105977,217.1215621,Hybrid,TX11D3026,NE10589,2294.282432,2556.327067,2425.30475,2556.327067,5.640578851,0.226062982,-7.417531563,-3.565722746,2.89304731,8.953639322
NXB15-6138,2529.480019,209.3758923,Hybrid,TX12M4063,NE10589,2037.988611,2556.327067,2297.157839,2556.327067,10.11346177,-1.050219612,-8.596480326,-4.793720593,1.582803234,7.56621943
NXB15-6139,2646.233783,201.7691692,Hybrid,TX11D3112,NE10589,2747.390351,2556.327067,2651.858709,2747.390351,-0.212112603,-3.681914677,-4.377548032,-0.399263485,6.27158295,12.531177
NXB15-6142,2671.69378,230.2169584,Hybrid,TX09D1172,NE10589,2360.651539,2556.327067,2458.489303,2556.327067,8.672174282,4.51298718,-3.457543388,0.559017111,7.294045226,13.61386421
NXB15-6143,2447.648033,201.8043725,Hybrid,TX11D3049,NE10589,2494.817283,2556.327067,2525.572175,2556.327067,-3.085405468,-4.251374382,-11.55350369,-7.873768211,-1.703533267,4.086311592
NXB15-6146,2376.515343,201.8249457,Hybrid,TX12M4065,NE10589,2426.342153,2556.327067,2491.33461,2556.327067,-4.608745322,-7.033987431,-14.12390482,-10.55110852,-4.560190783,1.061391631
NXB15-6147,2659.164821,202.8678359,Hybrid,TX12M4004,NE10589,2609.97632,2556.327067,2583.151693,2609.97632,2.942650532,1.884633994,-3.910281105,0.087443655,6.790887726,13.08106979
NXB15-6151,2660.615965,202.3022488,Hybrid,NE07531,NE10589,2411.29821,2556.327067,2483.812639,2556.327067,7.118223164,4.079638296,-3.857843551,0.142062826,6.849165064,13.14277977
NXB15-6154,2348.644848,202.564178,Hybrid,NE10589,NE10589,2556.327067,2556.327067,2556.327067,2556.327067,-8.124242858,-8.124242858,-15.1310135,-11.60011704,-5.679457568,-0.12380205
NXB15-6155,2416.408026,201.8023613,Hybrid,Settler CL,NE10589,2515.797261,2556.327067,2536.062164,2556.327067,-4.718107457,-5.473440512,-12.68237073,-9.04960073,-2.958118197,2.757829275
NXB15-6158,2514.687614,202.9939816,Hybrid,NE09517-1,NE10589,2817.401877,2556.327067,2686.864472,2817.401877,-6.408096124,-10.74444741,-9.131008317,-5.350487132,0.988746769,6.937171934
NXB15-6159,2336.004135,201.2761227,Hybrid,PSB13NEDH-15-58W,NE10589,2035.344339,2556.327067,2295.835703,2556.327067,1.749621347,-8.618730182,-15.58778947,-12.07589676,-6.187103046,-0.661348792
NXB15-6162,2339.54341,202.2203577,Hybrid,Panhandle,NE10589,2333.911096,2556.327067,2445.119082,2556.327067,-4.317813111,-8.48027862,-15.45989672,-11.94268314,-6.044967331,-0.510841019
NXB15-6163,2485.002407,202.2877625,Hybrid,OVERLAND,NE10589,2630.770863,2556.327067,2593.548965,2630.770863,-4.185251945,-5.540902794,-10.2036922,-6.46779905,-0.203398092,5.674807521
NXB15-6166,2261.69037,202.5397034,Hybrid,LCH13NEDH-11-24,NE10589,2522.725603,2556.327067,2539.526335,2556.327067,-10.94046404,-11.52578249,-18.27313968,-14.8729685,-9.171511115,-3.821544051
NXB15-6167,2262.782697,202.5638493,Hybrid,WESLEY,NE10589,2351.556123,2556.327067,2453.941595,2556.327067,-7.789871564,-11.48305217,-18.23366812,-14.83185476,-9.127643749,-3.775092816
NXB15-6170,2407.135356,200.3728004,Hybrid,Robidoux,NE10589,2420.841986,2556.327067,2488.584527,2556.327067,-3.272911572,-5.836174621,-13.01744145,-9.398611761,-3.330504547,2.363508675
NXB15-6171,2231.009203,202.4279662,Hybrid,GOODSTREAK,NE10589,2437.565152,2556.327067,2496.94611,2556.327067,-10.65048643,-12.72598755,-19.38181285,-16.027767,-10.40365325,-5.126261657
NXB15-6174,2331.055611,201.559001,Hybrid,NE10683,NE10589,2267.440592,2556.327067,2411.88383,2556.327067,-3.351248433,-8.812309644,-15.76660588,-12.26215265,-6.385833597,-0.871784942
NXB15-6175,2220.272942,202.2801142,Hybrid,Freeman,NE10589,2656.841581,2556.327067,2606.584324,2656.841581,-14.82059794,-16.43186566,-19.76977087,-16.43186566,-10.83481678,-5.582821515
NXB15-6203,1948.857724,201.0653327,Hybrid,Freeman,TX11D3049,2656.841581,2494.817283,2575.829432,2656.841581,-24.3405755,-26.64757514,-29.57744121,-26.64757514,-21.73473233,-17.12476238
NXB15-6214,2299.101267,202.301996,Hybrid,TX10D2363,TX11D3049,2608.503863,2494.817283,2551.660573,2608.503863,-9.897841014,-11.86130491,-16.9212857,-13.46487187,-7.66910598,-2.230644458
NXB15-6219,2355.866793,230.2389474,Hybrid,TX10D2230,TX11D3049,2499.968092,2494.817283,2497.392688,2499.968092,-5.66694597,-5.764125519,-14.87004634,-11.32829258,-5.389427426,0.183311407
NXB15-6226,2238.543424,230.2616838,Hybrid,TX11D3112,TX11D3049,2747.390351,2494.817283,2621.103817,2747.390351,-14.59539261,-18.52110046,-19.1095615,-15.74418888,-10.10108224,-4.805868648
NXB15-6247,2157.109089,230.244836,Hybrid,TX12M4065,Settler CL,2426.342153,2515.797261,2471.069707,2515.797261,-12.7054537,-14.25743549,-22.05221564,-18.80926945,-13.37144927,-8.268866376
NXB15-6251,2147.669157,202.0636337,Hybrid,TX10D2230,Settler CL,2499.968092,2515.797261,2507.882677,2515.797261,-14.36325244,-14.63266177,-22.39333043,-19.16457602,-13.7505528,-8.670299814
NXB15-6254,2429.097796,230.2349196,Hybrid,TX09D1172,Settler CL,2360.651539,2515.797261,2438.2244,2515.797261,-0.374313516,-3.446202356,-12.22382207,-8.571974573,-2.44850261,3.297462168
NXB15-6262,2486.838497,201.6426845,Hybrid,TX10D2363,Settler CL,2608.503863,2515.797261,2562.150562,2608.503863,-2.939408269,-4.664181965,-10.13734454,-6.398691052,-0.129661526,5.752887309
NXB15-6266,2383.927811,202.084442,Hybrid,TX11D3112,Settler CL,2747.390351,2515.797261,2631.593806,2747.390351,-9.411254659,-13.22937382,-13.85605304,-10.27211301,-4.262509306,1.376607102
NXB15-6267,2237.871471,202.0067624,Hybrid,TX10D2063,Settler CL,2360.300452,2515.797261,2438.048857,2515.797261,-8.210556759,-11.04722522,-19.13384272,-15.7694803,-10.12806758,-4.834443473
NXB15-6338,2246.608402,202.2772639,Hybrid,TX10D2363,TX11D3026,2608.503863,2294.282432,2451.393148,2608.503863,-8.353810818,-13.87367934,-18.81813112,-15.44063381,-9.777196302,-4.462905224
NXB15-6339,2449.692915,230.271367,Hybrid,TX10D2063,TX11D3026,2360.300452,2294.282432,2327.291442,2360.300452,5.259395997,3.787334059,-11.47961127,-7.796801564,-1.621411711,4.173270261
NXB15-6346,2489.590198,229.4745194,Hybrid,TX09D1172,TX11D3026,2360.651539,2294.282432,2327.466985,2360.651539,6.965650378,5.461994599,-10.03791097,-6.29512064,-0.019154394,5.869903516
NXB15-6351,2184.260285,202.3226181,Hybrid,TX10D2230,TX11D3026,2499.968092,2294.282432,2397.125262,2499.968092,-8.880010602,-12.62847348,-21.07109904,-17.78733439,-12.28106921,-7.114260911
NXB15-6366,2549.214555,201.0991298,Hybrid,TX12M4063,GOODSTREAK,2037.988611,2437.565152,2237.776881,2437.565152,13.91727998,4.580365914,-7.883366937,-4.050938774,2.375333515,8.40543122
NXB15-6367,2345.357941,230.0001819,Hybrid,TX11D3049,GOODSTREAK,2494.817283,2437.565152,2466.191218,2494.817283,-4.899590725,-5.990793104,-15.24978686,-11.72383186,-5.811458293,-0.263577864
NXB15-6370,2350.601524,201.7324868,Hybrid,TX09D1172,GOODSTREAK,2360.651539,2437.565152,2399.108345,2437.565152,-2.021868714,-3.56764321,-15.06030842,-11.52647034,-5.600878313,-0.040594331
NXB15-6371,2858.461056,202.6622498,Hybrid,TX11D3112,GOODSTREAK,2747.390351,2437.565152,2592.477752,2747.390351,10.25981049,4.042771154,3.291348181,7.588690133,14.79453675,21.55614864
NXB15-6374,2480.135611,202.5601675,Hybrid,TX11D3026,GOODSTREAK,2294.282432,2437.565152,2365.923792,2437.565152,4.827366769,1.746433689,-10.37955532,-6.650978793,-0.398846459,5.467846882
NXB15-6375,2585.227863,203.0091097,Hybrid,TX12M4065,GOODSTREAK,2426.342153,2437.565152,2431.953652,2437.565152,6.302513629,6.057795445,-6.582015265,-2.695445558,3.821612075,9.936898279
NXB15-6378,2396.134103,203.3861493,Hybrid,TX10D2063,GOODSTREAK,2360.300452,2437.565152,2398.932802,2437.565152,-0.116664348,-1.69968992,-13.41497503,-9.81268436,-3.772310021,1.895680037
NXB15-6379,2387.40277,201.9371689,Hybrid,TX10D2230,GOODSTREAK,2499.968092,2437.565152,2468.766622,2499.968092,-3.295728773,-4.502670349,-13.73048436,-10.14132016,-4.122956492,1.524379836
NXB15-6382,2133.897011,206.151895,Hybrid,TX11D3129,GOODSTREAK,2156.644442,2437.565152,2297.104797,2437.565152,-7.104934281,-12.45784717,-22.89099106,-19.68294136,-14.30363611,-9.255960763
NXB15-6383,2313.658818,202.6237091,Hybrid,TX12M4004,GOODSTREAK,2609.97632,2437.565152,2523.770736,2609.97632,-8.325317164,-11.35326401,-16.39524422,-12.91694492,-7.084481145,-1.611584131
NXB15-6386,2744.804123,201.3163824,Hybrid,TX11D3008,GOODSTREAK,2102.459202,2437.565152,2270.012177,2437.565152,20.91583254,12.60433881,-0.815679223,3.310793615,10.23012437,16.72288388
NXB15-6387,2819.766061,203.0148796,Hybrid,TX10D2363,GOODSTREAK,2608.503863,2437.565152,2523.034508,2608.503863,11.76089953,8.098979685,1.893092933,6.132261755,13.24056281,19.91064274
NXB15-6390,2213.252088,201.671219,Hybrid,NE10589,GOODSTREAK,2556.327067,2437.565152,2496.94611,2556.327067,-11.36163973,-13.42062146,-20.02347151,-16.69612128,-11.11677115,-5.881383526
NXB15-6391,2446.412687,202.528987,Hybrid,WESLEY,GOODSTREAK,2351.556123,2437.565152,2394.560637,2437.565152,2.165409748,0.362966089,-11.59814331,-7.920265014,-1.753144235,4.033778447
NXB15-6394,2380.855666,229.4258582,Hybrid,GOODSTREAK,GOODSTREAK,2437.565152,2437.565152,2437.565152,2437.565152,-2.326480816,-2.326480816,-13.96706592,-10.38774448,-4.385885299,1.245964033
NXB15-6395,2318.216928,202.9570317,Hybrid,Panhandle,GOODSTREAK,2333.911096,2437.565152,2385.738124,2437.565152,-2.830201491,-4.896206513,-16.23053552,-12.74538366,-6.901429426,-1.417750326
NXB15-6398,2499.799392,202.8517138,Hybrid,NE09517-1,GOODSTREAK,2817.401877,2437.565152,2627.483515,2817.401877,-4.859559407,-11.2728854,-9.668998682,-5.910860094,0.390842338,6.304049819
NXB15-6402,2427.720035,202.6888943,Hybrid,Settler CL,GOODSTREAK,2515.797261,2437.565152,2476.681206,2515.797261,-1.976886304,-3.500966765,-12.2736079,-8.623831692,-2.503832906,3.238872815
NXB15-6403,2331.291258,202.5748644,Hybrid,Freeman,GOODSTREAK,2656.841581,2437.565152,2547.203367,2656.841581,-8.476437785,-12.2532832,-15.75809069,-12.2532832,-6.376370106,-0.861764034
NXB15-6406,2259.595954,201.6862324,Hybrid,OVERLAND,GOODSTREAK,2630.770863,2437.565152,2534.168007,2630.770863,-10.83480073,-14.10897903,-18.34882204,-14.95179955,-9.255621944,-3.910609165
NXB15-6407,2469.003558,202.4596028,Hybrid,NE10683,GOODSTREAK,2267.440592,2437.565152,2352.502872,2437.565152,4.952201625,1.289746265,-10.78181542,-7.06997455,-0.845904823,4.994455949
NXB15-6410,2590.534157,202.2729871,Hybrid,NE07531,GOODSTREAK,2411.29821,2437.565152,2424.431681,2437.565152,6.851192252,6.275483732,-6.390270745,-2.495723683,4.034710497,10.1625486
NXB15-6411,2161.221458,202.4927058,Hybrid,Robidoux,GOODSTREAK,2420.841986,2437.565152,2429.203569,2437.565152,-11.03168604,-11.33687416,-21.90361395,-18.65448533,-13.20629834,-8.093987757
NXB15-6415,2139.053288,201.6696828,Hybrid,PSB13NEDH-15-58W,GOODSTREAK,2035.344339,2437.565152,2236.454746,2437.565152,-4.355172291,-12.24631323,-22.70466743,-19.4888659,-14.09656228,-9.036689899
NXB15-6455,2285.070642,201.8567914,Hybrid,TX10D2230,TX11D3008,2499.968092,2102.459202,2301.213647,2499.968092,-0.701499611,-8.596007706,-17.42828651,-13.99296599,-8.232569665,-2.827297202
NXB15-6458,2256.326049,230.0017898,Hybrid,TX10D2063,TX11D3008,2360.300452,2102.459202,2231.379827,2360.300452,1.117972913,-4.405134225,-18.46698101,-15.07487442,-9.386939863,-4.049661953
NXB15-6463,2421.926919,230.021735,Hybrid,TX11D3008,TX11D3008,2102.459202,2102.459202,2102.459202,2102.459202,15.19495439,15.19495439,-12.48294389,-8.84187691,-2.736481892,2.99252037
NXB15-6466,2366.95385,201.7488197,Hybrid,TX10D2363,TX11D3008,2608.503863,2102.459202,2355.481533,2608.503863,0.487047644,-9.260097972,-14.46941223,-10.91099045,-4.944176119,0.654788844
NXB15-6471,2306.81587,230.2123228,Hybrid,TX12M4065,TX11D3008,2426.342153,2102.459202,2264.400677,2426.342153,1.87313108,-4.926192389,-16.64251617,-13.17450439,-7.359290893,-1.902580685
NXB15-6486,2580.161263,202.9125257,Hybrid,TX10D2363,TX09D1172,2608.503863,2360.651539,2484.577701,2608.503863,3.847074778,-1.086546221,-6.765098361,-2.886145658,3.618139668,9.721440969
NXB15-6487,2418.333457,202.9623512,Hybrid,TX12M4065,TX09D1172,2426.342153,2360.651539,2393.496846,2426.342153,1.037670526,-0.330072806,-12.6127947,-8.977130053,-2.880793733,2.839708293
NXB15-6490,2485.112923,201.6784421,Hybrid,TX12M4004,TX09D1172,2609.97632,2360.651539,2485.313929,2609.97632,-0.008087743,-4.784081573,-10.19969865,-6.463639343,-0.198959785,5.679507253
NXB15-6491,2407.901853,202.5828273,Hybrid,TX10D2063,TX09D1172,2360.300452,2360.651539,2360.475996,2360.651539,2.00916498,2.001579352,-12.98974386,-9.369761836,-3.299722373,2.396103977
NXB15-6494,2373.065105,201.148727,Hybrid,TX11D3026,TX09D1172,2294.282432,2360.651539,2327.466985,2360.651539,1.959130652,0.525853376,-14.24858021,-10.68097091,-4.698750825,0.914670145
NXB15-6495,2213.198043,202.2343341,Hybrid,TX11D3129,TX09D1172,2156.644442,2360.651539,2258.64799,2360.651539,-2.012263439,-6.246305044,-20.02542447,-16.69815549,-11.1189416,-5.883681822
NXB15-6498,2461.413245,203.4386531,Hybrid,TX11D3112,TX09D1172,2747.390351,2360.651539,2554.020945,2747.390351,-3.625956946,-10.4090453,-11.05609363,-7.355663854,-1.150728418,4.671677676
NXB15-6499,2354.426988,202.0034174,Hybrid,TX09D1172,TX09D1172,2360.651539,2360.651539,2360.651539,2360.651539,-0.263679369,-0.263679369,-14.92207415,-11.38248496,-5.447249388,0.122083623
NXB15-6502,2509.352843,201.7121665,Hybrid,TX12M4063,TX09D1172,2037.988611,2360.651539,2199.320075,2360.651539,14.09675523,6.299163654,-9.323781892,-5.551280875,0.77450469,6.710310597
NXB15-6503,2437.787938,202.3714609,Hybrid,TX11D3049,TX09D1172,2494.817283,2360.651539,2427.734411,2494.817283,0.414111488,-2.285912699,-11.90980119,-8.244889141,-2.099510346,3.667010727
NXB15-6506,2615.624859,202.5536075,Hybrid,TX11D3008,TX09D1172,2102.459202,2360.651539,2231.55537,2360.651539,17.21084287,10.80097235,-5.483610687,-1.551342864,5.042342047,11.22953152
NXB15-6507,2567.06367,202.2534801,Hybrid,TX10D2230,TX09D1172,2499.968092,2360.651539,2430.309816,2499.968092,5.627013225,2.683857375,-7.238383812,-3.379121718,3.092146106,9.164465407
NXB15-6510,2609.955698,203.0178111,Hybrid,NE09517-1,TX09D1172,2817.401877,2360.651539,2589.026708,2817.401877,0.808372893,-7.363031196,-5.68846751,-1.764722567,4.814671052,10.98845028
NXB15-6511,2329.574954,202.0489057,Hybrid,GOODSTREAK,TX09D1172,2437.565152,2360.651539,2399.108345,2437.565152,-2.898301435,-4.430248688,-15.82010986,-12.31788262,-6.445296123,-0.934749922
NXB15-6514,2480.516819,201.7806698,Hybrid,NE10683,TX09D1172,2267.440592,2360.651539,2314.046065,2360.651539,7.193925674,5.077635503,-10.36578024,-6.636630611,-0.383537294,5.484057785
NXB15-6519,2477.779017,202.0412215,Hybrid,Robidoux,TX09D1172,2420.841986,2360.651539,2390.746762,2420.841986,3.640379498,2.351951579,-10.46471154,-6.739677853,-0.493486215,5.367632668
NXB15-6523,2267.536178,202.0602965,Hybrid,Panhandle,TX09D1172,2333.911096,2360.651539,2347.281318,2360.651539,-3.397340552,-3.944477181,-18.06189966,-14.65294003,-8.936746047,-3.572950884
NXB15-6526,2483.007547,202.0339984,Hybrid,PSB13NEDH-15-58W,TX09D1172,2035.344339,2360.651539,2197.997939,2360.651539,12.96678231,5.183145672,-10.27577706,-6.542882927,-0.283510777,5.58997605
NXB15-6527,2429.555464,202.1727493,Hybrid,WESLEY,TX09D1172,2351.556123,2360.651539,2356.103831,2360.651539,3.117504078,2.918852015,-12.20728412,-8.554748574,-2.430122886,3.316924493
NXB15-6530,2636.415145,201.6732151,Hybrid,NE10589,TX09D1172,2556.327067,2360.651539,2458.489303,2556.327067,7.237202187,3.132935467,-4.732347469,-0.768824027,5.877270768,12.1136391
NXB15-6531,2352.531473,201.765584,Hybrid,Settler CL,TX09D1172,2515.797261,2360.651539,2438.2244,2515.797261,-3.514562767,-6.489624203,-14.99056915,-11.45382963,-5.52337243,0.041476792
NXB15-6534,2613.002123,202.0071266,Hybrid,Freeman,TX09D1172,2656.841581,2360.651539,2508.74656,2656.841581,4.15568334,-1.650059176,-5.578384041,-1.650059176,4.937014124,11.11799959
NXB15-6535,2503.167783,202.5550181,Hybrid,NE07531,TX09D1172,2411.29821,2360.651539,2385.974874,2411.29821,4.911741112,3.809963147,-9.547280863,-5.784078316,0.526115436,6.447290754
NXB15-6547,2346.089471,230.235912,Hybrid,OVERLAND,Freeman,2630.770863,2656.841581,2643.806222,2656.841581,-11.26091421,-11.69629804,-15.22335281,-11.69629804,-5.782080373,-0.23246953
NXB15-6551,2748.343011,202.0210683,Hybrid,Freeman,Freeman,2656.841581,2656.841581,2656.841581,2656.841581,3.443992693,3.443992693,-0.687800425,3.443992693,10.37224457,16.87337522
NXB15-6554,2644.335864,203.3785173,Hybrid,NE10589,Freeman,2556.327067,2656.841581,2606.584324,2656.841581,1.448314542,-0.470698636,-4.446129898,-0.470698636,6.195363367,12.45046794
NXB15-6555,2232.97011,202.0585319,Hybrid,WESLEY,Freeman,2351.556123,2656.841581,2504.198852,2656.841581,-10.83095863,-15.95396104,-19.31095487,-15.95396104,-10.32490408,-5.042874006
NXB15-6558,2378.197089,201.1768664,Hybrid,NE10683,Freeman,2267.440592,2656.841581,2462.141087,2656.841581,-3.409390241,-10.48780983,-14.06313442,-10.48780983,-4.492652607,1.132907932
NXB15-6559,2280.986748,202.0408114,Hybrid,Panhandle,Freeman,2333.911096,2656.841581,2495.376339,2656.841581,-8.591473258,-14.14667837,-17.57585926,-14.14667837,-8.396577066,-3.000964944
NXB15-6562,2446.768252,202.2484044,Hybrid,GOODSTREAK,Freeman,2437.565152,2656.841581,2547.203367,2656.841581,-3.942956256,-7.906882012,-11.58529485,-7.906882012,-1.738864893,4.048898867
NXB15-6563,2226.219476,202.2532993,Hybrid,PSB13NEDH-15-58W,Freeman,2035.344339,2656.841581,2346.09296,2656.841581,-5.109494202,-16.20804597,-19.55489106,-16.20804597,-10.59600656,-5.329944934
NXB15-6566,2622.416163,202.2305766,Hybrid,Settler CL,Freeman,2515.797261,2656.841581,2586.319421,2656.841581,1.395679962,-1.29572717,-5.238204878,-1.29572717,5.315077825,11.51833194
NXB15-6567,2612.247185,202.2073269,Hybrid,Robidoux,Freeman,2420.841986,2656.841581,2538.841784,2656.841581,2.891294823,-1.678474047,-5.605663956,-1.678474047,4.906696141,11.08589582
NXB15-6570,2383.421273,202.3195971,Hybrid,NE09517-1,Freeman,2817.401877,2656.841581,2737.121729,2817.401877,-12.92235022,-15.40357474,-13.87435694,-10.29117843,-4.282851647,1.355066559
NXB15-6571,2411.136739,201.9692356,Hybrid,NE07531,Freeman,2411.29821,2656.841581,2534.069896,2656.841581,-4.851214114,-9.248004986,-12.87285026,-9.248004986,-3.169810752,2.533667634
NXB15-6574,2631.158597,202.6202553,Hybrid,TX11D3112,Freeman,2747.390351,2656.841581,2702.115966,2747.390351,-2.625992753,-4.230623964,-4.922294403,-0.966673529,5.666170121,11.89010423
NXB15-6575,2478.58355,201.1157128,Hybrid,TX12M4065,Freeman,2426.342153,2656.841581,2541.591867,2656.841581,-2.479088719,-6.709396327,-10.43563953,-6.709396327,-0.461176558,5.401845424
NXB15-6578,2281.358613,202.5737809,Hybrid,TX12M4063,Freeman,2037.988611,2656.841581,2347.415096,2656.841581,-2.814009474,-14.13268186,-17.56242181,-14.13268186,-8.381643135,-2.985151378
NXB15-6579,2303.136017,201.8711007,Hybrid,TX11D3008,Freeman,2102.459202,2656.841581,2379.650392,2656.841581,-3.215361987,-13.31300918,-16.77548876,-13.31300918,-7.507072159,-2.059066543
NXB15-6582,2455.371171,202.0666712,Hybrid,TX11D3129,Freeman,2156.644442,2656.841581,2406.743012,2656.841581,2.020496556,-7.583079523,-11.27442579,-7.583079523,-1.39337545,4.414738282
NXB15-6583,2705.808372,201.8510444,Hybrid,TX09D1172,Freeman,2360.651539,2656.841581,2508.74656,2656.841581,7.854990809,1.843045175,-2.224802384,1.843045175,8.664072193,15.06458831
NXB15-6586,2484.405384,202.5283381,Hybrid,TX10D2363,Freeman,2608.503863,2656.841581,2632.672722,2656.841581,-5.631818057,-6.490270172,-10.22526578,-6.490270172,-0.227374237,5.649419137
NXB15-6587,2295.364371,202.5622701,Hybrid,TX11D3049,Freeman,2494.817283,2656.841581,2575.829432,2656.841581,-10.88833979,-13.60552366,-17.05631953,-13.60552366,-7.819178051,-2.389556053
NXB15-6590,2785.377271,202.5364829,Hybrid,TX11D3026,Freeman,2294.282432,2656.841581,2475.562007,2656.841581,12.51494664,4.837913205,0.650443668,4.837913205,11.85952413,18.44825832
NXB15-6591,2412.899435,202.5623913,Hybrid,TX10D2230,Freeman,2499.968092,2656.841581,2578.404837,2656.841581,-6.418906724,-9.181659441,-12.80915471,-9.181659441,-3.099021657,2.608626339
NXB15-6594,2366.703999,201.2913954,Hybrid,TX10D2063,Freeman,2360.300452,2656.841581,2508.571017,2656.841581,-5.655292056,-10.9203945,-14.47844066,-10.9203945,-4.954210014,0.644163934
NXB15-6607,2615.954387,230.2761882,Hybrid,TX11D3112,TX10D2063,2747.390351,2360.300452,2553.845402,2747.390351,2.431979051,-4.784029482,-5.471703088,-1.53893986,5.055575753,11.24354472
NXB15-6614,2292.390881,203.0312061,Hybrid,TX10D2230,TX10D2063,2499.968092,2360.300452,2430.134272,2499.968092,-5.668139123,-8.303194431,-17.1637675,-13.7174419,-7.938592114,-2.516003826
NXB15-6618,2793.864172,202.164995,Hybrid,TX10D2363,TX10D2063,2608.503863,2360.300452,2484.402158,2608.503863,12.45619647,7.106000916,0.95712038,5.157348922,12.20035433,18.80916405
NXB15-6619,2342.39198,202.5834136,Hybrid,TX12M4065,TX10D2063,2426.342153,2360.300452,2393.321302,2426.342153,-2.127976823,-3.459947837,-15.35696278,-11.83546672,-5.930570003,-0.389705475
NXB15-6623,2678.427488,202.6455068,Hybrid,TX10D2063,TX10D2063,2360.300452,2360.300452,2360.300452,2360.300452,13.47824323,13.47824323,-3.214218828,0.812464966,7.564467973,13.90021536
NXB15-6666,2456.553952,229.4262181,Hybrid,LCH13NEDH-11-24,Panhandle,2522.725603,2333.911096,2428.31835,2522.725603,1.162763632,-2.623022125,-11.23168563,-7.538561203,-1.345875477,4.465036092
NXB15-6667,2573.452692,237.642724,Hybrid,GOODSTREAK,Panhandle,2437.565152,2333.911096,2385.738124,2437.565152,7.86819666,5.574724414,-7.007514607,-3.138647411,3.34872639,9.436158747
NXB15-6670,2365.448816,202.015628,Hybrid,Panhandle,Panhandle,2333.911096,2333.911096,2333.911096,2333.911096,1.351281953,1.351281953,-14.52379709,-10.96763794,-5.004617626,0.59078722
NXB15-6671,2476.929892,201.4239493,Hybrid,PSB13NEDH-15-58W,Panhandle,2035.344339,2333.911096,2184.627718,2333.911096,13.37995355,6.127859604,-10.49539495,-6.771637823,-0.527586732,5.331523567
NXB15-6674,2749.641173,202.562927,Hybrid,OVERLAND,Panhandle,2630.770863,2333.911096,2482.34098,2630.770863,10.76806917,4.518459294,-0.640890939,3.492853805,10.4243782,16.92857962
NXB15-6675,2399.292927,202.4397526,Hybrid,WESLEY,Panhandle,2351.556123,2333.911096,2342.73361,2351.556123,2.414244508,2.030009143,-13.30082997,-9.693790394,-3.645453028,2.030009143
NXB15-6678,2175.757941,202.5755204,Hybrid,NE10683,Panhandle,2267.440592,2333.911096,2300.675844,2333.911096,-5.429617697,-6.776314454,-21.37833377,-18.10735134,-12.62251958,-7.475823335
NXB15-6679,2696.373205,202.5533357,Hybrid,NE10589,Panhandle,2556.327067,2333.911096,2445.119082,2556.327067,10.2757418,5.478412362,-2.565744949,1.487918006,8.285160072,14.66335756
NXB15-6683,2267.448612,202.0715013,Hybrid,Robidoux,Panhandle,2420.841986,2333.911096,2377.376541,2420.841986,-4.623917464,-6.336364571,-18.06506386,-14.65623587,-8.940262631,-3.576674602
NXB15-6686,2343.766565,202.8614503,Hybrid,Freeman,Panhandle,2656.841581,2333.911096,2495.376339,2656.841581,-6.075627605,-11.78372916,-15.30729173,-11.78372916,-5.875367266,-0.331251195
NXB15-6687,2489.506451,202.5818027,Hybrid,Settler CL,Panhandle,2515.797261,2333.911096,2424.854179,2515.797261,2.666233411,-1.045028958,-10.04093721,-6.298272783,-0.022517655,5.866342153
NXB15-6690,2630.061673,202.3057096,Hybrid,NE09517-1,Panhandle,2817.401877,2333.911096,2575.656487,2817.401877,2.112284228,-6.649395892,-4.961932088,-1.007960304,5.622118129,11.84345749
NXB15-6691,2287.10753,201.2972278,Hybrid,NE07531,Panhandle,2411.29821,2333.911096,2372.604653,2411.29821,-3.603513265,-5.150365879,-17.35468297,-13.91630024,-8.150769159,-2.740678494
NXB15-6694,2273.227852,201.7344059,Hybrid,TX09D1172,Panhandle,2360.651539,2333.911096,2347.281318,2360.651539,-3.15486112,-3.7033711,-17.8562293,-14.43871294,-8.70817091,-3.330912246
NXB15-6695,2595.429585,237.8926191,Hybrid,TX11D3049,Panhandle,2494.817283,2333.911096,2414.36419,2494.817283,7.499506341,4.032852538,-6.213372957,-2.311466224,4.23130876,10.37072686
NXB15-6698,2400.795522,201.1641564,Hybrid,TX12M4065,Panhandle,2426.342153,2333.911096,2380.126625,2426.342153,0.868394886,-1.052886552,-13.24653324,-9.637234695,-3.585109461,2.093907058
NXB15-6699,2465.74552,202.5600542,Hybrid,TX12M4063,Panhandle,2037.988611,2333.911096,2185.949854,2333.911096,12.7997294,5.648648041,-10.89954559,-7.192602774,-0.976746179,4.855907793
NXB15-6702,2674.857487,203.4004021,Hybrid,TX10D2230,Panhandle,2499.968092,2333.911096,2416.939594,2499.968092,10.67125937,6.995665092,-3.343221879,0.678094861,7.421098313,13.74840096
NXB15-6703,2526.604767,201.9484122,Hybrid,TX11D3026,Panhandle,2294.282432,2333.911096,2314.096764,2333.911096,9.183194326,8.256255815,-8.700378422,-4.901941274,1.467334378,7.443949244
NXB15-6706,2313.326149,202.1287624,Hybrid,TX12M4004,Panhandle,2609.97632,2333.911096,2471.943708,2609.97632,-6.416714031,-11.36601003,-16.40726529,-12.92946611,-7.097840955,-1.62573086
NXB15-6707,2553.098524,202.5704552,Hybrid,TX10D2363,Panhandle,2608.503863,2333.911096,2471.20748,2608.503863,3.313806916,-2.124027487,-7.743018553,-3.904751325,2.531311996,8.570597124
NXB15-6710,2189.773764,203.1746466,Hybrid,TX11D3008,Panhandle,2102.459202,2333.911096,2218.185149,2333.911096,-1.280839234,-6.175785062,-20.87186783,-17.57981435,-12.05965033,-6.879800047
NXB15-6711,2409.482793,202.063615,Hybrid,TX11D3129,Panhandle,2156.644442,2333.911096,2245.277769,2333.911096,7.313350111,3.237985248,-12.93261609,-9.310257316,-3.236232486,2.463333536
NXB15-6714,2495.963913,202.2114738,Hybrid,TX11D3112,Panhandle,2747.390351,2333.911096,2540.650724,2747.390351,-1.758872662,-9.151463984,-9.807594883,-6.055222462,0.236811174,6.140945932
NXB15-6715,2191.490152,217.1220953,Hybrid,TX10D2063,Panhandle,2360.300452,2333.911096,2347.105774,2360.300452,-6.630106927,-7.1520683,-20.80984562,-17.51521177,-11.99072094,-6.806810582
NXB15-6726,2565.955749,201.7010733,Hybrid,TX10D2230,TX10D2230,2499.968092,2499.968092,2499.968092,2499.968092,2.639539962,2.639539962,-7.278418877,-3.420822405,3.047652479,9.117351023
NXB15-6727,2317.00047,202.2370327,Hybrid,TX12M4063,TX10D2230,2037.988611,2499.968092,2268.978352,2499.968092,2.116464378,-7.318798293,-16.2744926,-12.79116954,-6.950281847,-1.469480245
NXB15-6730,2694.762193,202.0354148,Hybrid,TX11D3026,TX10D2230,2294.282432,2499.968092,2397.125262,2499.968092,12.41641126,7.791863488,-2.623959358,1.42728164,8.220462532,14.59484922
NXB15-6731,2549.567999,202.0483916,Hybrid,TX12M4004,TX10D2230,2609.97632,2499.968092,2554.972206,2609.97632,-0.21151725,-2.314516043,-7.870595146,-4.037635625,2.389527654,8.42046142
NXB15-6734,2492.954795,202.3521214,Hybrid,TX11D3049,TX10D2230,2494.817283,2499.968092,2497.392688,2499.968092,-0.177701053,-0.280535485,-9.916330276,-6.168481692,0.115966308,6.01298308
NXB15-6735,2681.839786,201.6810369,Hybrid,TX10D2063,TX10D2230,2360.300452,2499.968092,2430.134272,2499.968092,10.35767928,7.274960609,-3.090914415,0.940899346,7.701504358,14.04532344
NXB15-6738,2596.145949,202.6508219,Hybrid,TX12M4065,TX10D2230,2426.342153,2499.968092,2463.155122,2499.968092,5.39920628,3.847163354,-6.187486958,-2.284503262,4.26007759,10.40119023
NXB15-6739,2330.252449,202.2653398,Hybrid,TX11D3129,TX10D2230,2156.644442,2499.968092,2328.306267,2499.968092,0.083587874,-6.788712381,-15.79562837,-12.2923826,-6.418088222,-0.905939425
NXB15-6742,2568.296105,201.9229088,Hybrid,TX10D2363,TX10D2230,2608.503863,2499.968092,2554.235978,2608.503863,0.550463111,-1.541410741,-7.193849427,-3.33273452,3.141640127,9.216874718
NXB15-6743,2621.598397,201.6548939,Hybrid,TX11D3112,TX10D2230,2747.390351,2499.968092,2623.679222,2747.390351,-0.079309415,-4.578597802,-5.267755087,-1.326506789,5.282236715,11.48355643
NXB15-6746,2534.823237,201.9656499,Hybrid,TX11D3008,TX10D2230,2102.459202,2499.968092,2301.213647,2499.968092,10.15158196,1.394223573,-8.403401555,-4.592608957,1.797384497,7.79343993
NXB15-6750,2524.589062,237.9068978,Hybrid,Panhandle,TX10D2230,2333.911096,2499.968092,2416.939594,2499.968092,4.45395771,0.984851351,-8.773216539,-4.977809754,1.38638454,7.35823131
NXB15-6754,2301.930062,202.1051307,Hybrid,WESLEY,TX10D2230,2351.556123,2499.968092,2425.762108,2499.968092,-5.104871775,-7.921622299,-16.81906631,-13.35839974,-7.555502785,-2.110349823
NXB15-6755,2425.922884,200.962007,Hybrid,NE09517-1,TX10D2230,2817.401877,2499.968092,2658.684985,2817.401877,-8.754782974,-13.89503557,-12.33854847,-8.691474055,-2.576005675,3.162448935
NXB15-6758,2411.763598,202.5473669,Hybrid,PSB13NEDH-15-58W,TX10D2230,2035.344339,2499.968092,2267.656216,2499.968092,6.354904295,-3.528224801,-12.85019854,-9.224410853,-3.144636381,2.560324822
NXB15-6759,2561.106161,201.1136123,Hybrid,OVERLAND,TX10D2230,2630.770863,2499.968092,2565.369478,2630.770863,-0.166187241,-2.648071827,-7.453660206,-3.603354488,2.852895149,8.911122124
NXB15-6763,2604.607996,202.6216493,Hybrid,Robidoux,TX10D2230,2420.841986,2499.968092,2460.405039,2499.968092,5.860943806,4.185649571,-5.881708335,-1.966003,4.599909686,10.76103907
NXB15-6766,2463.544507,202.0471973,Hybrid,Freeman,TX10D2230,2656.841581,2499.968092,2578.404837,2656.841581,-4.454705007,-7.275445972,-10.97907983,-7.275445972,-1.065137873,4.762309663
NXB15-6767,2222.440802,202.5410664,Hybrid,NE07531,TX10D2230,2411.29821,2499.968092,2455.633151,2499.968092,-9.496220924,-11.10123329,-19.69143459,-16.35027027,-10.74775646,-5.490633182
NXB15-6771,2600.801793,201.8068872,Hybrid,Settler CL,TX10D2230,2515.797261,2499.968092,2507.882677,2515.797261,3.705082257,3.378830763,-6.019246635,-2.109263455,4.447054237,10.59918015
NXB15-6774,2548.451233,201.7946861,Hybrid,GOODSTREAK,TX10D2230,2437.565152,2499.968092,2468.766622,2499.968092,3.227709331,1.939350372,-7.910949828,-4.079669227,2.344678815,8.372970901
NXB15-6775,2277.51925,202.0017935,Hybrid,NE10683,TX10D2230,2267.440592,2499.968092,2383.704342,2499.968092,-4.454625097,-8.898067244,-17.70115833,-14.27719039,-8.535830244,-3.148420394
NXB15-6786,2406.752266,202.2838971,Hybrid,WESLEY,WESLEY,2351.556123,2351.556123,2351.556123,2351.556123,2.347217778,2.347217778,-13.03128451,-9.413030746,-3.345889257,2.347217778
NXB15-6787,2211.982616,201.8639596,Hybrid,PSB13NEDH-15-58W,WESLEY,2035.344339,2351.556123,2193.450231,2351.556123,0.844896551,-5.935367866,-20.06934427,-16.74390253,-11.16775259,-5.935367866
NXB15-6791,2144.363989,202.4794926,Hybrid,Freeman,WESLEY,2656.841581,2351.556123,2504.198852,2656.841581,-14.36926076,-19.28897815,-22.51276366,-19.28897815,-13.88328688,-8.810852175
NXB15-6794,2547.232318,201.1681502,Hybrid,Settler CL,WESLEY,2515.797261,2351.556123,2433.676692,2515.797261,4.666011169,1.249506777,-7.954995675,-4.125547561,2.295727739,8.321136516
NXB15-6795,2222.121075,201.7094138,Hybrid,Panhandle,WESLEY,2333.911096,2351.556123,2342.73361,2351.556123,-5.14836745,-5.504229584,-19.70298802,-16.36230437,-10.76059656,-5.504229584
NXB15-6799,2411.927217,201.7395218,Hybrid,NE10589,WESLEY,2556.327067,2351.556123,2453.941595,2556.327067,-1.712118078,-5.648723584,-12.8442861,-9.218252434,-3.138065497,2.567282744
NXB15-6802,2399.783771,216.898846,Hybrid,NE10683,WESLEY,2267.440592,2351.556123,2309.498357,2351.556123,3.909308406,2.050882289,-13.28309318,-9.675315686,-3.625740959,2.050882289
NXB15-6803,2460.622564,206.9862785,Hybrid,GOODSTREAK,WESLEY,2437.565152,2351.556123,2394.560637,2437.565152,2.758832902,0.94591983,-11.08466513,-7.385424045,-1.182481824,4.638053936
NXB15-6806,2296.748686,202.5604057,Hybrid,Robidoux,WESLEY,2420.841986,2351.556123,2386.199055,2420.841986,-3.748654918,-5.126038815,-17.00629689,-13.55341987,-7.763584565,-2.330688007
NXB15-6807,2525.566704,201.7373866,Hybrid,OVERLAND,WESLEY,2630.770863,2351.556123,2491.163493,2630.770863,1.381009756,-3.998986023,-8.737889153,-4.941012605,1.425646211,7.399805566
NXB15-6810,2427.069842,207.0422209,Hybrid,NE07531,WESLEY,2411.29821,2351.556123,2381.427166,2411.29821,1.916610164,0.654072208,-12.29710283,-8.648304104,-2.529944379,3.211223328
NXB15-6811,2582.325413,202.3454831,Hybrid,NE09517-1,WESLEY,2817.401877,2351.556123,2584.479,2817.401877,-0.083327702,-8.343732078,-6.686896153,-2.804689919,3.705050977,9.813471516
NXB15-6814,2102.834233,201.1097539,Hybrid,TX11D3049,WESLEY,2494.817283,2351.556123,2423.186703,2494.817283,-13.22029663,-15.71189413,-24.01345386,-20.85210319,-15.55110359,-10.57690639
NXB15-6815,2496.855144,202.6260999,Hybrid,TX11D3026,WESLEY,2294.282432,2351.556123,2322.919278,2351.556123,7.487813618,6.178845542,-9.775389998,-6.021677723,0.272602602,6.178845542
NXB15-6818,2452.089771,202.2311914,Hybrid,TX09D1172,WESLEY,2360.651539,2351.556123,2356.103831,2360.651539,4.073926561,3.873431986,-11.39300018,-7.706587098,-1.525155053,4.275196615
NXB15-6819,2468.170536,209.3773709,Hybrid,TX11D3112,WESLEY,2747.390351,2351.556123,2549.473237,2747.390351,-3.189000002,-10.16309225,-10.81191692,-7.101328394,-0.879358618,4.959031663
NXB15-6822,2463.383325,209.3383744,Hybrid,TX11D3008,WESLEY,2102.459202,2351.556123,2227.007662,2351.556123,10.61404802,4.755455386,-10.9849042,-7.281512656,-1.071610878,4.755455386
NXB15-6823,2445.308456,202.5744632,Hybrid,TX10D2063,WESLEY,2360.300452,2351.556123,2355.928288,2360.300452,3.793840789,3.601575534,-11.63804503,-7.961826808,-1.797489665,3.986820987
NXB15-6826,2579.526214,202.2481992,Hybrid,TX12M4065,WESLEY,2426.342153,2351.556123,2388.949138,2426.342153,7.977443863,6.313374281,-6.788046048,-2.910048063,3.592636379,9.694435489
NXB15-6827,2610.60235,202.7051392,Hybrid,TX12M4063,WESLEY,2037.988611,2351.556123,2194.772367,2351.556123,18.94638322,11.01594919,-5.665100538,-1.740383433,4.84064032,11.01594919
NXB15-6830,2472.898532,202.7451604,Hybrid,TX10D2363,WESLEY,2608.503863,2351.556123,2480.029993,2608.503863,-0.287555448,-5.198586573,-10.64106935,-6.923372876,-0.689484373,5.160089854
NXB15-6831,2711.26365,202.6318247,Hybrid,TX10D2230,WESLEY,2499.968092,2351.556123,2425.762108,2499.968092,11.76956065,8.451930187,-2.027674262,2.048374632,8.88315377,15.2965742
NXB15-6834,2520.137394,201.2534357,Hybrid,TX12M4004,WESLEY,2609.97632,2351.556123,2480.766221,2609.97632,1.587056967,-3.442135645,-8.934078876,-5.145364622,1.207607538,7.16892401
NXB15-6835,2432.691996,202.4149563,Hybrid,TX11D3129,WESLEY,2156.644442,2351.556123,2254.100282,2351.556123,7.922971102,3.450305641,-12.09394458,-8.436693641,-2.30416112,3.450305641
NXB15-6847,2539.178193,202.6454427,Hybrid,TX10D2063,TX10D2363,2360.300452,2608.503863,2484.402158,2608.503863,2.204797447,-2.657679414,-8.246033896,-4.428694161,1.97227763,7.978634594
NXB15-6858,2426.404674,202.5404932,Hybrid,TX10D2363,TX10D2363,2608.503863,2608.503863,2608.503863,2608.503863,-6.980982162,-6.980982162,-12.32113886,-8.673340135,-2.55665722,3.182937051
NXB15-6862,2535.303739,238.2097134,Hybrid,TX09D1172,TX10D2363,2360.651539,2608.503863,2484.577701,2608.503863,2.041636218,-2.806211065,-8.38603845,-4.574523475,1.81668127,7.813873318
NXB15-6863,2776.106871,201.6807676,Hybrid,TX11D3112,TX10D2363,2747.390351,2608.503863,2677.947107,2747.390351,3.665485526,1.045228959,0.315454988,4.488987628,11.48722896,18.05403426
NXB15-6866,2261.770275,203.1529907,Hybrid,TX12M4065,TX10D2363,2426.342153,2608.503863,2517.423008,2608.503863,-10.15533472,-13.29243145,-18.27025227,-14.86996096,-9.168302141,-3.818146063
NXB15-6906,2555.70746,201.4084268,Hybrid,PSB13NEDH-15-58W,Robidoux,2035.344339,2420.841986,2228.093163,2420.841986,14.70379706,5.571015138,-7.648743889,-3.80655445,2.636085693,8.681542187
NXB15-6907,2286.119067,201.6540708,Hybrid,Settler CL,Robidoux,2515.797261,2420.841986,2468.319623,2515.797261,-7.381562534,-9.129439698,-17.39040137,-13.95350467,-8.190465395,-2.782712913
NXB15-6910,2404.137379,202.0170153,Hybrid,Panhandle,Robidoux,2333.911096,2420.841986,2377.376541,2420.841986,1.125645735,-0.690032944,-13.12577425,-9.511451641,-3.450901977,2.236019613
NXB15-6911,2701.702551,217.1235059,Hybrid,NE09517-1,Robidoux,2817.401877,2420.841986,2619.121932,2817.401877,3.152988734,-4.106596474,-2.37316744,1.688507527,8.499184251,14.88998816
NXB15-6914,2538.295993,237.9308206,Hybrid,OVERLAND,Robidoux,2630.770863,2420.841986,2525.806424,2630.770863,0.49447847,-3.515124433,-8.277912448,-4.46189899,1.936848879,7.941119023
NXB15-6915,2491.915879,202.2109623,Hybrid,NE10589,Robidoux,2556.327067,2420.841986,2488.584527,2556.327067,0.133865345,-2.519677124,-9.953871803,-6.207585099,0.074243916,5.96880316
NXB15-6922,2302.153613,201.6735559,Hybrid,GOODSTREAK,Robidoux,2437.565152,2420.841986,2429.203569,2437.565152,-5.230107437,-5.555196723,-16.81098826,-13.3499856,-7.546525108,-2.100843344
NXB15-6923,2501.700735,202.296532,Hybrid,Robidoux,Robidoux,2420.841986,2420.841986,2420.841986,2420.841986,3.340108492,3.340108492,-9.600293097,-5.839296076,0.467199419,6.384904474
NXB15-6926,2336.4742,201.6944708,Hybrid,NE07531,Robidoux,2411.29821,2420.841986,2416.070098,2420.841986,-3.294436606,-3.485059587,-15.57080351,-12.05820411,-6.168225418,-0.641359237
NXB15-6927,2417.286467,206.9737746,Hybrid,NE10683,Robidoux,2267.440592,2420.841986,2344.141289,2420.841986,3.120339973,-0.146871188,-12.65062801,-9.016537382,-2.922840402,2.795184997
NXB15-6930,2417.794606,217.1330884,Hybrid,WESLEY,Robidoux,2351.556123,2420.841986,2386.199055,2420.841986,1.324095375,-0.12588101,-12.63226626,-8.997411701,-2.902433762,2.816793626
NXB15-6931,2538.252841,202.0630531,Hybrid,Freeman,Robidoux,2656.841581,2420.841986,2538.841784,2656.841581,-0.023197304,-4.463523199,-8.279471782,-4.463523199,1.935115887,7.939283955
NXB15-6934,2585.871063,202.5822826,Hybrid,TX09D1172,Robidoux,2360.651539,2420.841986,2390.746762,2420.841986,8.161646551,6.817011517,-6.558773024,-2.671236345,3.847442721,9.964250399
NXB15-6935,2366.096476,202.0918494,Hybrid,TX10D2063,Robidoux,2360.300452,2420.841986,2390.571219,2420.841986,-1.023803132,-2.261424342,-14.50039369,-10.94326086,-4.978607873,0.618328996
NXB15-6938,2674.784261,202.24386,Hybrid,TX11D3112,Robidoux,2747.390351,2420.841986,2584.116169,2747.390351,3.508669348,-2.642729333,-3.345867945,0.675338708,7.418157564,13.74528699
NXB15-6939,2128.037249,202.9029987,Hybrid,TX10D2230,Robidoux,2499.968092,2420.841986,2460.405039,2499.968092,-13.50866158,-14.87742361,-23.10273531,-19.90349503,-14.53896157,-9.505147324
NXB15-6942,2445.31323,203.1791407,Hybrid,TX12M4004,Robidoux,2609.97632,2420.841986,2515.409153,2609.97632,-2.786660867,-6.308987862,-11.6378725,-7.961647103,-1.797297924,3.987024022
NXB15-6943,2589.011687,202.2361154,Hybrid,TX10D2363,Robidoux,2608.503863,2420.841986,2514.672925,2608.503863,2.956200044,-0.747255036,-6.445285645,-2.553027427,3.973568784,10.09780552
NXB15-6946,2349.874067,200.9040087,Hybrid,TX11D3129,Robidoux,2156.644442,2420.841986,2288.743214,2420.841986,2.67093541,-2.931538677,-15.08659531,-11.55385087,-5.630092679,-0.071529477
NXB15-6947,2393.401964,202.6187596,Hybrid,TX11D3026,Robidoux,2294.282432,2420.841986,2357.562209,2420.841986,1.520203996,-1.133490837,-13.51370169,-9.915518445,-3.882031509,1.779495749
NXB15-6950,2584.761551,202.578893,Hybrid,TX12M4065,Robidoux,2426.342153,2420.841986,2423.592069,2426.342153,6.650025121,6.529145035,-6.598865584,-2.712996919,3.802885196,9.917068352
NXB15-6951,2183.930461,201.1629085,Hybrid,TX11D3049,Robidoux,2494.817283,2420.841986,2457.829635,2494.817283,-11.14394463,-12.46130626,-21.08301732,-17.79974852,-12.29431479,-7.128286679
NXB15-6954,2449.261243,202.9959375,Hybrid,TX11D3008,Robidoux,2102.459202,2420.841986,2261.650594,2420.841986,8.295297666,1.173941012,-11.49520987,-7.81304913,-1.638747473,4.154913391
NXB15-6955,2471.115101,202.1552719,Hybrid,TX12M4063,Robidoux,2037.988611,2420.841986,2229.415299,2420.841986,10.84139877,2.076678915,-10.70551415,-6.990498838,-0.761106155,5.084249415
NXB15-6967,2293.636401,201.8002706,Hybrid,TX10D2230,NE09517-1,2499.968092,2817.401877,2658.684985,2817.401877,-13.73041884,-18.59037154,-17.11876026,-13.67056218,-7.888572585,-2.463038055
NXB15-6971,2348.934466,202.3950802,Hybrid,TX11D3112,NE09517-1,2747.390351,2817.401877,2782.396114,2817.401877,-15.57871814,-16.62763892,-15.12054807,-11.5892162,-5.667826638,-0.111486037
NXB15-6975,2690.148857,237.4732505,Hybrid,TX10D2063,NE09517-1,2360.300452,2817.401877,2588.851165,2817.401877,3.912843413,-4.516679757,-2.790663645,1.253641775,8.035192985,14.39866695
NXB15-6983,2410.41305,202.0819964,Hybrid,TX10D2363,NE09517-1,2608.503863,2817.401877,2712.95287,2817.401877,-11.15167992,-14.44553689,-12.89900099,-9.275243693,-3.198873795,2.502892723
NXB15-7026,2608.841261,201.6461464,Hybrid,PSB13NEDH-15-58W,TX12M4065,2035.344339,2426.342153,2230.843246,2426.342153,16.9441764,7.52157349,-5.728738037,-1.806668512,4.76991574,10.9410588
NXB15-7027,2623.537995,201.6976055,Hybrid,Settler CL,TX12M4065,2515.797261,2426.342153,2471.069707,2515.797261,6.17013305,4.282568245,-5.197667122,-1.253502878,5.360130126,11.56603791
NXB15-7030,2727.348438,203.4629911,Hybrid,NE09517-1,TX12M4065,2817.401877,2426.342153,2621.872015,2817.401877,4.022943246,-3.19632921,-1.446445617,2.653784762,9.529111774,15.98058033
NXB15-7031,2780.45614,202.5775364,Hybrid,Freeman,TX12M4065,2656.841581,2426.342153,2541.591867,2656.841581,9.398215206,4.652688364,0.472617137,4.652688364,11.66189369,18.23898708
NXB15-7034,2619.474163,200.5282557,Hybrid,NE10683,TX12M4065,2267.440592,2426.342153,2346.891372,2426.342153,11.61463176,7.959801138,-5.344514927,-1.406460151,5.196928406,11.3932233
NXB15-7035,2475.384708,202.6413491,Hybrid,Panhandle,TX12M4065,2333.911096,2426.342153,2380.126625,2426.342153,4.002227532,2.021254705,-10.55123064,-6.829796506,-0.589640645,5.265814564
NXB15-7038,2542.066064,202.367832,Hybrid,WESLEY,TX12M4065,2351.556123,2426.342153,2388.949138,2426.342153,6.409384092,4.769480304,-8.141679825,-4.319998534,2.088253242,8.101441385
NXB15-7039,2709.890314,201.2018085,Hybrid,NE10589,TX12M4065,2556.327067,2426.342153,2491.33461,2556.327067,8.772635478,6.00718306,-2.077300177,1.996684076,8.828001194,15.23817304
NXB15-7042,2495.877291,202.3338613,Hybrid,Robidoux,TX12M4065,2420.841986,2426.342153,2423.592069,2426.342153,2.982565536,2.86584225,-9.810724983,-6.058482787,0.233332486,6.137262343
NXB15-7043,2434.037969,202.0445341,Hybrid,NE07531,TX12M4065,2411.29821,2426.342153,2418.820181,2426.342153,0.629140902,0.317177684,-12.04530747,-8.386033031,-2.250107471,3.50754315
NXB15-7051,2441.39733,237.8936728,Hybrid,OVERLAND,TX12M4065,2630.770863,2426.342153,2528.556508,2630.770863,-3.446993483,-7.198404687,-11.77937474,-8.109036418,-1.954558768,3.820500222
NXB15-7054,2570.561476,202.5722351,Hybrid,TX11D3112,TX12M4065,2747.390351,2426.342153,2586.866252,2747.390351,-0.630290666,-6.436248704,-7.111989568,-3.247468957,3.232616426,9.31320969
NXB15-7055,2571.364193,202.6047309,Hybrid,TX12M4004,TX12M4065,2609.97632,2426.342153,2518.159236,2609.97632,2.112851151,-1.479405262,-7.082983148,-3.217255751,3.264853187,9.347345257
NXB15-7058,2352.128936,237.6293765,Hybrid,TX11D3049,TX12M4065,2494.817283,2426.342153,2460.579718,2494.817283,-4.40752971,-5.719390687,-15.00511495,-11.46898059,-5.53953814,0.024358892
NXB15-7059,2339.408188,202.5731054,Hybrid,TX11D3129,TX12M4065,2156.644442,2426.342153,2291.493297,2426.342153,2.090989783,-3.582922735,-15.46478299,-11.9477727,-6.050397767,-0.516591318
NXB15-7062,2490.330331,202.324741,Hybrid,TX10D2363,TX12M4065,2608.503863,2426.342153,2517.423008,2608.503863,-1.076206776,-4.53031847,-10.01116606,-6.267263027,0.010569007,5.901377681
NXB15-7063,2350.901651,203.1077093,Hybrid,TX12M4063,TX12M4065,2037.988611,2426.342153,2232.165382,2426.342153,5.319331197,-3.10922766,-15.04946324,-11.51517395,-5.588825345,-0.027831421
NXB15-7066,2514.210228,202.0123112,Hybrid,TX10D2063,TX12M4065,2360.300452,2426.342153,2393.321302,2426.342153,5.051094691,3.621421445,-9.14825882,-5.368455327,0.969575139,6.916871059
NXB15-7067,2374.756146,202.5530878,Hybrid,TX11D3008,TX12M4065,2102.459202,2426.342153,2264.400677,2426.342153,4.873495634,-2.126081315,-14.18747394,-10.61732237,-4.630839367,0.986581714
NXB15-7070,2285.684883,202.5122478,Hybrid,TX12M4065,TX12M4065,2426.342153,2426.342153,2426.342153,2426.342153,-5.797091311,-5.797091311,-17.40609076,-13.9698468,-8.207902048,-2.801176617
NXB15-7071,2461.876678,203.3461233,Hybrid,TX11D3026,TX12M4065,2294.282432,2426.342153,2360.312292,2426.342153,4.303006248,1.464530677,-11.03934735,-7.338220865,-1.132117169,4.691385162
NXB15-7074,2157.070095,201.1369642,Hybrid,TX10D2230,TX12M4065,2499.968092,2426.342153,2463.155122,2499.968092,-12.42654288,-13.71609495,-22.05362471,-18.81073715,-13.37301526,-8.270524612
NXB15-7075,2424.622881,237.8932107,Hybrid,TX09D1172,TX12M4065,2360.651539,2426.342153,2393.496846,2426.342153,1.300441878,-0.070858581,-12.38552448,-8.740404459,-2.628213236,3.107166252
NXB15-7086,2359.668186,201.6973914,Hybrid,TX12M4063,PSB13NEDH-15-58W,2037.988611,2035.344339,2036.666475,2037.988611,15.85933262,15.7841694,-14.7326819,-11.18521321,-5.23676519,0.344965732
NXB15-7087,2565.906373,201.7397324,Hybrid,TX12M4065,PSB13NEDH-15-58W,2426.342153,2035.344339,2230.843246,2426.342153,15.01957289,5.752042042,-7.28020308,-3.422680838,3.045669575,9.115251322
NXB15-7090,2754.753514,201.6590531,Hybrid,TX09D1172,PSB13NEDH-15-58W,2360.651539,2035.344339,2197.997939,2360.651539,25.33012271,16.69462726,-0.456154975,3.68527554,10.62968755,17.14598207
NXB15-7091,2453.356883,202.0847671,Hybrid,TX11D3129,PSB13NEDH-15-58W,2156.644442,2035.344339,2095.994391,2156.644442,17.04978284,13.7580602,-11.34721271,-7.658894678,-1.474268392,4.329080596
NXB15-7094,2426.608837,202.6034867,Hybrid,TX11D3049,PSB13NEDH-15-58W,2494.817283,2035.344339,2265.080811,2494.817283,7.131225728,-2.734005688,-12.31376138,-8.665655716,-2.54845813,3.191619082
NXB15-7095,2395.345943,202.90099,Hybrid,TX11D3008,PSB13NEDH-15-58W,2102.459202,2035.344339,2068.901771,2102.459202,15.77862117,13.93067418,-13.44345541,-9.84234964,-3.803962159,1.862163529
NXB15-7098,2371.182166,202.6067737,Hybrid,TX12M4004,PSB13NEDH-15-58W,2609.97632,2035.344339,2322.660329,2609.97632,2.089062955,-9.149284301,-14.31662076,-10.75184223,-4.774368815,0.834598115
NXB15-7099,2298.014114,202.6242045,Hybrid,TX10D2230,PSB13NEDH-15-58W,2499.968092,2035.344339,2267.656216,2499.968092,1.338734586,-8.078262242,-16.96057029,-13.50579086,-7.712765555,-2.276875663
NXB15-7102,2724.287961,202.6187797,Hybrid,TX10D2063,PSB13NEDH-15-58W,2360.300452,2035.344339,2197.822396,2360.300452,23.95396307,15.42123624,-1.557036882,2.538592449,9.406204354,15.85043344
NXB15-7103,2492.061192,203.1119963,Hybrid,TX11D3026,PSB13NEDH-15-58W,2294.282432,2035.344339,2164.813386,2294.282432,15.11667509,8.620506206,-9.948620889,-6.202115726,0.080079605,5.974982583
NXB15-7106,2896.885673,201.7040144,Hybrid,TX10D2363,PSB13NEDH-15-58W,2608.503863,2035.344339,2321.924101,2608.503863,24.76228966,11.05544882,4.679833243,9.034941844,16.33765243,23.19015671
NXB15-7107,2602.789321,202.6037918,Hybrid,TX11D3112,PSB13NEDH-15-58W,2747.390351,2035.344339,2391.367345,2747.390351,8.841049727,-5.263213867,-5.947426682,-2.034455499,4.526872521,10.68369988
NXB15-7110,2578.338466,201.7392369,Hybrid,Settler CL,PSB13NEDH-15-58W,2515.797261,2035.344339,2275.5708,2515.797261,13.30513058,2.485939807,-6.830965669,-2.954753316,3.544936952,9.643926477
NXB15-7111,2499.888531,203.7070954,Hybrid,NE09517-1,PSB13NEDH-15-58W,2817.401877,2035.344339,2426.373108,2817.401877,3.029848226,-11.26972155,-9.665777636,-5.907505038,0.394422101,6.307840437
NXB15-7114,2325.399293,202.560548,Hybrid,Robidoux,PSB13NEDH-15-58W,2420.841986,2035.344339,2228.093163,2420.841986,4.367237967,-3.94254121,-15.97099861,-12.47504895,-6.612988812,-1.112320023
NXB15-7115,2318.751672,202.594605,Hybrid,GOODSTREAK,PSB13NEDH-15-58W,2437.565152,2035.344339,2236.454746,2437.565152,3.679793932,-4.87426891,-16.21121241,-12.72525663,-6.879954367,-1.395010346
NXB15-7118,2511.182148,202.3845196,Hybrid,WESLEY,PSB13NEDH-15-58W,2351.556123,2035.344339,2193.450231,2351.556123,14.48548558,6.788101864,-9.257679396,-5.482428245,0.847968784,6.788101864
NXB15-7119,2031.06855,202.4198706,Hybrid,NE10683,PSB13NEDH-15-58W,2267.440592,2035.344339,2151.392466,2267.440592,-5.59283896,-10.42461899,-26.60672837,-23.55326851,-18.43318181,-13.62874439
NXB15-7122,2441.903645,201.7405281,Hybrid,OVERLAND,PSB13NEDH-15-58W,2630.770863,2035.344339,2333.057601,2630.770863,4.665381789,-7.179158779,-11.76107887,-8.089979364,-1.934225352,3.842031315
NXB15-7123,2262.176367,202.1213048,Hybrid,NE07531,PSB13NEDH-15-58W,2411.29821,2035.344339,2223.321275,2411.29821,1.747614848,-6.184296995,-18.25557801,-14.85467619,-9.151993662,-3.800876984
NXB15-7126,2734.031784,201.661361,Hybrid,Freeman,PSB13NEDH-15-58W,2656.841581,2035.344339,2346.09296,2656.841581,16.53552655,2.905337067,-1.204940895,2.905337067,9.797512014,16.26478985
NXB15-7127,2347.54801,202.370724,Hybrid,PSB13NEDH-15-58W,PSB13NEDH-15-58W,2035.344339,2035.344339,2035.344339,2035.344339,15.33910821,15.33910821,-15.17064809,-11.64140058,-5.723506113,-0.170445137
NXB15-7130,2653.291127,202.5721389,Hybrid,LCH13NEDH-11-24,PSB13NEDH-15-58W,2522.725603,2035.344339,2279.034971,2522.725603,16.42169431,5.175573755,-4.122528768,-0.133634378,6.555002799,12.83129081
NXB15-7134,2240.482142,202.5752645,Hybrid,Panhandle,PSB13NEDH-15-58W,2333.911096,2035.344339,2184.627718,2333.911096,2.55670217,-4.003106823,-19.03950535,-15.67121811,-10.02322419,-4.723424614
NXB15-7135,2578.04018,202.0169314,Hybrid,NE10589,PSB13NEDH-15-58W,2556.327067,2035.344339,2295.835703,2556.327067,12.29201532,0.849387101,-6.841744349,-2.965980433,3.53295789,9.631241826
NXB15-7146,2437.946142,202.5670362,Hybrid,NE10683,TX12M4063,2267.440592,2037.988611,2152.714602,2267.440592,13.24985396,7.519736171,-11.90408443,-8.238934539,-2.09315693,3.673738371
NXB15-7147,2592.58096,201.6338751,Hybrid,Settler CL,TX12M4063,2515.797261,2037.988611,2276.892936,2515.797261,13.86486029,3.052062294,-6.316308874,-2.418684696,4.116909237,10.24958899
NXB15-7150,2442.74614,237.9595835,Hybrid,NE09517-1,TX12M4063,2817.401877,2037.988611,2427.695244,2817.401877,0.619966447,-13.29791608,-11.73063508,-8.058268981,-1.900391138,3.877858426
NXB15-7151,2636.164093,202.5607183,Hybrid,WESLEY,TX12M4063,2351.556123,2037.988611,2194.772367,2351.556123,20.11104809,12.10296312,-4.741419296,-0.778273279,5.867188643,12.10296312
NXB15-7154,2595.170019,201.6394759,Hybrid,NE07531,TX12M4063,2411.29821,2037.988611,2224.643411,2411.29821,16.65555058,7.625428,-6.222752463,-2.321235957,4.220884691,10.3596888
NXB15-7155,2457.736841,202.3469619,Hybrid,Panhandle,TX12M4063,2333.911096,2037.988611,2185.949854,2333.911096,12.43335873,5.305503901,-11.18894161,-7.494038855,-1.298371205,4.515338454
NXB15-7159,2495.453925,200.9250448,Hybrid,GOODSTREAK,TX12M4063,2437.565152,2037.988611,2237.776881,2437.565152,11.51486751,2.374860524,-9.826023467,-6.07441775,0.216330264,6.119258659
NXB15-7162,2406.582479,202.5635718,Hybrid,Robidoux,TX12M4063,2420.841986,2037.988611,2229.415299,2420.841986,7.946800231,-0.589030907,-13.03741984,-9.419421325,-3.35270785,2.339997557
NXB15-7163,2573.659711,238.402177,Hybrid,NE10589,TX12M4063,2556.327067,2037.988611,2297.157839,2556.327067,12.03669451,0.678029178,-7.000033909,-3.130855485,3.357040187,9.444962242
NXB15-7166,2583.350008,202.1973999,Hybrid,PSB13NEDH-15-58W,TX12M4063,2035.344339,2037.988611,2036.666475,2037.988611,26.8420745,26.75978628,-6.649872119,-2.766125535,3.746198244,9.857042434
NXB15-7167,2518.041667,217.121622,Hybrid,Freeman,TX12M4063,2656.841581,2037.988611,2347.415096,2656.841581,7.268700419,-5.224245026,-9.009808614,-5.224245026,1.12344405,7.079803136
NXB15-7171,2605.965986,208.6592538,Hybrid,OVERLAND,TX12M4063,2630.770863,2037.988611,2334.379737,2630.770863,11.6341932,-0.942874868,-5.832636974,-1.91489007,4.654445949,10.81878762
NXB15-7174,2577.820181,202.2577487,Hybrid,TX11D3112,TX12M4063,2747.390351,2037.988611,2392.689481,2747.390351,7.737347501,-6.172045059,-6.849694068,-2.974260893,3.524122838,9.621886373
NXB15-7175,2516.306244,202.5928587,Hybrid,TX12M4004,TX12M4063,2609.97632,2037.988611,2323.982465,2609.97632,8.275612306,-3.588924341,-9.072518638,-5.289564044,1.053750234,7.006004225
NXB15-7178,2508.142996,217.8685491,Hybrid,TX11D3008,TX12M4063,2102.459202,2037.988611,2070.223907,2102.459202,21.15322348,19.29567972,-9.367500062,-5.596817899,0.725917783,6.658861832
NXB15-7179,2619.003848,202.9152507,Hybrid,TX11D3129,TX12M4063,2156.644442,2037.988611,2097.316526,2156.644442,24.87403854,21.43883324,-5.361509918,-1.424162204,5.178040743,11.37322312
NXB15-7182,2620.181611,207.0363918,Hybrid,TX09D1172,TX12M4063,2360.651539,2037.988611,2199.320075,2360.651539,19.13598391,10.99400176,-5.318951094,-1.379832759,5.225339191,11.42330754
NXB15-7183,2632.884017,202.3090545,Hybrid,TX12M4063,TX12M4063,2037.988611,2037.988611,2037.988611,2037.988611,29.19032043,29.19032043,-4.859945831,-0.901731002,5.735462231,11.96347777
NXB15-7186,2939.28957,202.5743222,Hybrid,TX10D2363,TX12M4063,2608.503863,2037.988611,2323.246237,2608.503863,26.51648899,12.68105104,6.212110783,10.63096839,18.04057425,24.99338379
NXB15-7187,2523.987035,237.9876539,Hybrid,TX11D3049,TX12M4063,2494.817283,2037.988611,2266.402947,2494.817283,11.36532618,1.169213941,-8.794970968,-5.000469256,1.362207398,7.332630089
NXB15-7190,2472.629366,202.0553298,Hybrid,TX10D2230,TX12M4063,2499.968092,2037.988611,2268.978352,2499.968092,8.975449878,-1.093562995,-10.65079573,-6.933503907,-0.700293939,5.148643584
NXB15-7191,2500.535355,201.8260865,Hybrid,TX10D2063,TX12M4063,2360.300452,2037.988611,2199.144532,2360.300452,13.70491202,5.941400484,-9.64240446,-5.883159443,0.420398264,6.335346645
NXB15-7194,2502.995492,202.245486,Hybrid,TX12M4065,TX12M4063,2426.342153,2037.988611,2232.165382,2426.342153,12.13306649,3.15921392,-9.553506672,-5.790563144,0.519196281,6.439964048
NXB15-7195,2461.166896,238.1801528,Hybrid,TX11D3026,TX12M4063,2294.282432,2037.988611,2166.135522,2294.282432,13.62017157,7.273928506,-11.06499553,-7.364936115,-1.160621696,4.661201666
NXB15-7206,2498.168093,202.2506189,Hybrid,TX11D3026,OVERLAND,2294.282432,2630.770863,2462.526647,2630.770863,1.447352669,-5.040453049,-9.727946186,-5.972260054,0.325330061,6.234678747
NXB15-7207,2589.613526,201.756,Hybrid,TX12M4065,OVERLAND,2426.342153,2630.770863,2528.556508,2630.770863,2.414698572,-1.564459214,-6.423538019,-2.530375012,3.997738365,10.12339874
NXB15-7210,2409.26014,202.2825891,Hybrid,TX11D3008,OVERLAND,2102.459202,2630.770863,2366.615032,2630.770863,1.801945259,-8.419993019,-12.94066175,-9.318637703,-3.245174157,2.453865185
NXB15-7211,2523.085177,202.2274048,Hybrid,TX11D3129,OVERLAND,2156.644442,2630.770863,2393.707652,2630.770863,5.404900836,-4.093312991,-8.827559854,-5.034413973,1.325989204,7.294278577
NXB15-7214,2410.611195,202.1779831,Hybrid,TX10D2230,OVERLAND,2499.968092,2630.770863,2565.369478,2630.770863,-6.032592322,-8.368637138,-12.89184095,-9.26778576,-3.190916361,2.511318866
NXB15-7215,2497.121418,237.8952316,Hybrid,TX09D1172,OVERLAND,2360.651539,2630.770863,2495.711201,2630.770863,0.056505638,-5.08023889,-9.765768077,-6.01165549,0.283296082,6.190168889
NXB15-7218,2423.051291,202.2868848,Hybrid,TX12M4004,OVERLAND,2609.97632,2630.770863,2620.373591,2630.770863,-7.530311756,-7.895768314,-12.44231437,-8.799557044,-2.691327617,3.040334317
NXB15-7219,2435.61047,202.5585221,Hybrid,TX10D2063,OVERLAND,2360.300452,2630.770863,2495.535658,2630.770863,-2.401295594,-7.418372913,-11.98848467,-8.326846168,-2.186956516,3.574413814
NXB15-7222,2524.036532,202.2092359,Hybrid,TX12M4063,OVERLAND,2037.988611,2630.770863,2334.379737,2630.770863,8.124504866,-4.057150401,-8.793182359,-4.998606235,1.364195197,7.334734974
NXB15-7223,2341.674604,202.5474175,Hybrid,TX11D3049,OVERLAND,2494.817283,2630.770863,2562.794073,2630.770863,-8.628062283,-10.98903225,-15.38288536,-11.86246779,-5.959379493,-0.420211899
NXB15-7226,2367.751112,201.962299,Hybrid,TX10D2363,OVERLAND,2608.503863,2630.770863,2619.637363,2630.770863,-9.615309929,-9.997820598,-14.44060294,-10.88098258,-4.912158444,0.68869242
NXB15-7227,2407.584186,202.217455,Hybrid,TX11D3112,OVERLAND,2747.390351,2630.770863,2689.080607,2747.390351,-10.46812879,-12.36832492,-13.00122284,-9.381718391,-3.312479729,2.382595189
NXB15-7230,2360.4215,201.9504183,Hybrid,Freeman,OVERLAND,2656.841581,2630.770863,2643.806222,2656.841581,-10.7188159,-11.15685945,-14.70546065,-11.15685945,-5.20651241,0.377000458
NXB15-7231,2583.903624,202.0582676,Hybrid,Settler CL,OVERLAND,2515.797261,2630.770863,2573.284062,2630.770863,0.412685175,-1.781502138,-6.629867042,-2.745288164,3.768431216,9.880584969
NXB15-7234,2292.983791,203.0031495,Hybrid,PSB13NEDH-15-58W,OVERLAND,2035.344339,2630.770863,2333.057601,2630.770863,-1.717651971,-12.83985148,-17.1423425,-13.69512554,-7.914781096,-2.490790295
NXB15-7235,2375.444504,204.1642325,Hybrid,GOODSTREAK,OVERLAND,2437.565152,2630.770863,2534.168007,2630.770863,-6.263337833,-9.705381894,-14.1625999,-10.59141348,-4.603195202,1.015854173
NXB15-7238,2501.894351,204.3668024,Hybrid,WESLEY,OVERLAND,2351.556123,2630.770863,2491.163493,2630.770863,0.430756885,-4.898811734,-9.59329672,-5.83200862,0.474974958,6.393138007
NXB15-7239,2721.370362,202.6928219,Hybrid,Robidoux,OVERLAND,2420.841986,2630.770863,2525.806424,2630.770863,7.742633626,3.443838477,-1.662465192,2.428777891,9.28903487,15.72636245
NXB15-7242,2449.865733,202.5799649,Hybrid,Panhandle,OVERLAND,2333.911096,2630.770863,2482.34098,2630.770863,-1.308250856,-6.876506535,-11.47336647,-7.790296948,-1.614471443,4.180619323
NXB15-7246,2386.565055,202.23242,Hybrid,NE07531,OVERLAND,2411.29821,2630.770863,2521.034536,2630.770863,-5.333900817,-9.282671156,-13.76075546,-10.17285066,-4.156598776,1.488755959
NXB15-7247,2693.420797,202.5642408,Hybrid,OVERLAND,OVERLAND,2630.770863,2630.770863,2630.770863,2630.770863,2.381428764,2.381428764,-2.672431118,1.376793257,8.166592645,14.53780629
NXB15-7250,2520.267797,202.5638501,Hybrid,NE10683,OVERLAND,2267.440592,2630.770863,2449.105727,2630.770863,2.905634839,-4.20040634,-8.929366748,-5.14045645,1.21284444,7.174469375
NXB15-7254,2545.283233,201.380905,Hybrid,NE09517-1,OVERLAND,2817.401877,2630.770863,2724.08637,2817.401877,-6.563783707,-9.658495891,-8.025426458,-4.198908552,2.217453332,8.238251601
NXB15-7255,2515.708816,202.5994224,Hybrid,NE10589,OVERLAND,2556.327067,2630.770863,2593.548965,2630.770863,-3.001298602,-4.373700811,-9.094106875,-5.312050439,1.029757793,6.980598584
NXB15-7266,2259.404598,201.2146586,Hybrid,NE10683,TX11D3129,2267.440592,2156.644442,2212.042517,2267.440592,2.141101742,-0.354408146,-18.35573673,-14.95900192,-9.263306703,-3.918746571
NXB15-7267,2481.963124,202.5896295,Hybrid,Settler CL,TX11D3129,2515.797261,2156.644442,2336.220851,2515.797261,6.23837735,-1.34486739,-10.3135176,-6.582193629,-0.325454347,5.545561926
NXB15-7270,2805.1163,202.2180542,Hybrid,Robidoux,TX11D3129,2420.841986,2156.644442,2288.743214,2420.841986,22.5614251,15.87358102,1.363719417,5.580864139,12.65223485,19.28766118
NXB15-7271,2376.011282,202.541558,Hybrid,Panhandle,TX11D3129,2333.911096,2156.644442,2245.277769,2333.911096,5.822598635,1.80384701,-14.1421192,-10.5700807,-4.580433641,1.039956431
NXB15-7274,2433.910559,202.5292365,Hybrid,OVERLAND,TX11D3129,2630.770863,2156.644442,2393.707652,2630.770863,1.679524503,-7.482989364,-12.04991145,-8.390828559,-2.255224184,3.502125053
NXB15-7275,2544.310936,202.3334527,Hybrid,NE10589,TX11D3129,2556.327067,2156.644442,2356.485755,2556.327067,7.970562987,-0.470054535,-8.060560692,-4.235504514,2.178406323,8.19690465
NXB15-7278,2340.309886,202.0409742,Hybrid,WESLEY,TX11D3129,2351.556123,2156.644442,2254.100282,2351.556123,3.82456823,-0.478246597,-15.43219987,-11.91383399,-6.014185988,-0.478246597
NXB15-7279,2788.754405,201.3217018,Hybrid,NE09517-1,TX11D3129,2817.401877,2156.644442,2487.02316,2817.401877,12.132225,-1.016804609,0.772477431,4.965024072,11.99514836,18.59187106
NXB15-7282,2693.876951,201.8150748,Hybrid,Freeman,TX11D3129,2656.841581,2156.644442,2406.743012,2656.841581,11.93039463,1.393962281,-2.655947865,1.393962281,8.18491158,14.55720425
NXB15-7283,2593.723255,202.0484366,Hybrid,GOODSTREAK,TX11D3129,2437.565152,2156.644442,2297.104797,2437.565152,12.91270902,6.406315052,-6.275031708,-2.375690231,4.162783294,10.29816512
NXB15-7286,2359.634216,202.5677163,Hybrid,LCH13NEDH-11-24,TX11D3129,2522.725603,2156.644442,2339.685023,2522.725603,0.852644401,-6.464888097,-14.7339094,-11.18649178,-5.238129398,0.34352117
NXB15-7287,2524.874831,203.3652195,Hybrid,NE07531,TX11D3129,2411.29821,2156.644442,2283.971326,2411.29821,10.54757133,4.710185586,-8.762890184,-4.967053781,1.397860904,7.370383653
NXB15-7291,2334.139168,204.3631705,Hybrid,PSB13NEDH-15-58W,TX11D3129,2035.344339,2156.644442,2095.994391,2156.644442,11.36189957,8.230133948,-15.6551806,-12.14609162,-6.261999278,-0.740656551
NXB15-7294,2588.714056,202.5550669,Hybrid,TX12M4004,TX11D3129,2609.97632,2156.644442,2383.310381,2609.97632,8.618419029,-0.814653498,-6.456040619,-2.564229852,3.961616067,10.08514877
NXB15-7295,2624.30528,237.8934733,Hybrid,TX09D1172,TX11D3129,2360.651539,2156.644442,2258.64799,2360.651539,16.18921105,11.16868531,-5.169941049,-1.224623288,5.390943952,11.59866673
NXB15-7298,2626.451019,201.6516455,Hybrid,TX10D2363,TX11D3129,2608.503863,2156.644442,2382.574153,2608.503863,10.23585631,0.688024898,-5.092404127,-1.143860512,5.477115885,11.68991435
NXB15-7299,1928.459607,202.5261563,Hybrid,TX11D3129,TX11D3129,2156.644442,2156.644442,2156.644442,2156.644442,-10.58054961,-10.58054961,-30.31453331,-27.41533328,-22.55391175,-17.99219299
NXB15-7302,2420.247496,202.0055061,Hybrid,TX10D2230,TX11D3129,2499.968092,2156.644442,2328.306267,2499.968092,3.948845994,-3.188864554,-12.54363034,-8.905088167,-2.803926779,2.921102855
NXB15-7303,2699.638526,201.8966758,Hybrid,TX11D3112,TX11D3129,2747.390351,2156.644442,2452.017397,2747.390351,10.09866934,-1.738079398,-2.447751618,1.610820342,8.416293899,14.80221542
NXB15-7306,2732.144471,202.3337841,Hybrid,TX10D2063,TX11D3129,2360.300452,2156.644442,2258.472447,2360.300452,20.97311502,15.75409684,-1.273139524,2.834301097,9.721718347,16.18453179
NXB15-7307,2426.492882,202.4268789,Hybrid,TX12M4065,TX11D3129,2426.342153,2156.644442,2291.493297,2426.342153,5.891336647,0.006212192,-12.31795145,-8.67002011,-2.553114834,3.18668809
NXB15-7310,2747.492018,202.5723441,Hybrid,TX12M4063,TX11D3129,2037.988611,2156.644442,2097.316526,2156.644442,31.0003513,27.39661504,-0.718551329,3.411962425,10.33806905,16.8371867
NXB15-7311,2384.198263,201.6857078,Hybrid,TX11D3049,TX11D3129,2494.817283,2156.644442,2325.730863,2494.817283,2.513936649,-4.433952772,-13.84628018,-10.26193357,-4.251648085,1.388108069
NXB15-7314,2416.13755,200.9340825,Hybrid,TX11D3008,TX11D3129,2102.459202,2156.644442,2129.551822,2156.644442,13.45756062,12.0322619,-12.69214448,-9.059781107,-2.968980414,2.746327253
NXB15-7315,2536.92407,202.2204094,Hybrid,TX11D3026,TX11D3129,2294.282432,2156.644442,2225.463437,2294.282432,13.99531565,10.5759271,-8.327487322,-4.513536381,1.881753028,7.882777924
NXB15-7326,2559.786654,237.9372972,Hybrid,TX11D3049,NE10683,2494.817283,2267.440592,2381.128938,2494.817283,7.503067718,2.604173521,-7.501340968,-3.653018965,2.799904351,8.855010069
NXB15-7327,2413.886652,202.2021968,Hybrid,TX11D3129,NE10683,2156.644442,2267.440592,2212.042517,2267.440592,9.124785491,6.458650345,-12.77348135,-9.144501921,-3.059375479,2.650607751
NXB15-7330,2523.7311,201.2779321,Hybrid,TX10D2230,NE10683,2499.968092,2267.440592,2383.704342,2499.968092,5.874334142,0.950532449,-8.804219238,-5.010102292,1.351929181,7.321746466
NXB15-7331,2473.137902,201.7259902,Hybrid,TX10D2063,NE10683,2360.300452,2267.440592,2313.870522,2360.300452,6.883158685,4.780639244,-10.63241964,-6.914363297,-0.67987137,5.170269081
NXB15-7334,2624.367565,202.5983741,Hybrid,TX11D3026,NE10683,2294.282432,2267.440592,2280.861512,2294.282432,15.06036431,14.38729288,-5.167690369,-1.22227897,5.393445283,11.60131539
NXB15-7335,2298.882081,202.2083467,Hybrid,TX12M4004,NE10683,2609.97632,2267.440592,2438.708456,2609.97632,-5.733624058,-11.91942763,-16.92920603,-13.47312172,-7.67790837,-2.239965325
NXB15-7338,2265.95093,201.627343,Hybrid,TX11D3008,NE10683,2102.459202,2267.440592,2184.949897,2267.440592,3.707226084,-0.065697973,-18.11918307,-14.71260667,-9.000408908,-3.640363606
NXB15-7339,2573.294597,202.5331938,Hybrid,TX12M4065,NE10683,2426.342153,2267.440592,2346.891372,2426.342153,9.646940935,6.056542521,-7.013227408,-3.144597887,3.342377375,9.429435764
NXB15-7342,2686.890812,202.6627567,Hybrid,TX10D2363,NE10683,2608.503863,2267.440592,2437.972228,2608.503863,10.21006646,3.005053979,-2.908394063,1.13101329,7.90435135,14.2601185
NXB15-7343,2239.928961,201.6533512,Hybrid,TX11D3112,NE10683,2747.390351,2267.440592,2507.415472,2747.390351,-10.66781767,-18.47066946,-19.05949472,-15.69203912,-10.0454397,-4.746948661
NXB15-7346,2298.728288,201.7763838,Hybrid,TX09D1172,NE10683,2360.651539,2267.440592,2314.046065,2360.651539,-0.661947813,-2.623142368,-16.93476338,-13.47891028,-7.684084627,-2.246505375
NXB15-7347,2576.388648,202.3226843,Hybrid,TX12M4063,NE10683,2037.988611,2267.440592,2152.714602,2267.440592,19.68092036,13.62540905,-6.901422952,-3.02814191,3.466633094,9.561010376
NXB15-7350,2347.111451,202.5348894,Hybrid,NE07531,NE10683,2411.29821,2267.440592,2339.369401,2411.29821,0.330946029,-2.66191708,-15.18642326,-11.65783207,-5.741038111,-0.189009802
NXB15-7351,2478.403476,201.2679035,Hybrid,NE10589,NE10683,2556.327067,2267.440592,2411.88383,2556.327067,2.757995446,-3.048263755,-10.44214655,-6.716174065,-0.468408241,5.394187781
NXB15-7354,2432.0176,202.6399784,Hybrid,Robidoux,NE10683,2420.841986,2267.440592,2344.141289,2420.841986,3.748763394,0.461641593,-12.1183141,-8.46207704,-2.331244595,3.421626899
NXB15-7355,2295.473019,202.5663205,Hybrid,PSB13NEDH-15-58W,NE10683,2035.344339,2267.440592,2151.392466,2267.440592,6.697083648,1.236302582,-17.05239352,-13.60143431,-7.814814815,-2.384935814
NXB15-7358,2442.385433,201.6846338,Hybrid,WESLEY,NE10683,2351.556123,2267.440592,2309.498357,2351.556123,5.753936783,3.862519343,-11.74366934,-8.071845521,-1.914876978,3.862519343
NXB15-7359,2234.324665,202.573137,Hybrid,Freeman,NE10683,2656.841581,2267.440592,2462.141087,2656.841581,-9.252776902,-15.9029774,-19.26200764,-15.9029774,-10.27050577,-4.985271533
NXB15-7363,2385.066006,201.8128319,Hybrid,LCH13NEDH-11-24,NE10683,2522.725603,2267.440592,2395.083098,2522.725603,-0.418235677,-5.456780451,-13.81492405,-10.22927289,-4.216799928,1.425008847
NXB15-7366,2188.034932,202.5342654,Hybrid,OVERLAND,NE10683,2630.770863,2267.440592,2449.105727,2630.770863,-10.65984177,-16.82913312,-20.93470102,-17.64526166,-12.12948104,-6.953743912
NXB15-7367,2412.808341,202.8767366,Hybrid,GOODSTREAK,NE10683,2437.565152,2267.440592,2352.502872,2437.565152,2.563459961,-1.015636884,-12.81244642,-9.185088099,-3.102679952,2.604752564
NXB15-7370,2321.761815,202.2724373,Hybrid,Settler CL,NE10683,2515.797261,2267.440592,2391.618926,2515.797261,-2.920913146,-7.712682139,-16.10243998,-12.61195883,-6.759068343,-1.267003909
NXB15-7371,2313.547524,201.7261911,Hybrid,NE09517-1,NE10683,2817.401877,2267.440592,2542.421235,2817.401877,-9.002194761,-17.88365224,-16.39926586,-12.92113388,-7.088950663,-1.616316913
NXB15-7374,2383.207937,202.0343443,Hybrid,Panhandle,NE10683,2333.911096,2267.440592,2300.675844,2333.911096,3.58729775,2.112198733,-13.88206591,-10.29920813,-4.291419143,1.345994421
NXB15-7375,2558.718326,201.6516525,Hybrid,NE10683,NE10683,2267.440592,2267.440592,2267.440592,2267.440592,12.84610211,12.84610211,-7.539945337,-3.693229433,2.757000752,8.809579368
NXB15-7387,2494.985688,201.7223026,Hybrid,Freeman,TX12M4004,2656.841581,2609.97632,2633.40895,2656.841581,-5.256428646,-6.092041557,-9.842943337,-6.092041557,0.197526088,6.099346882
NXB15-7390,2550.024802,201.8112615,Hybrid,NE09517-1,TX12M4004,2817.401877,2609.97632,2713.689098,2817.401877,-6.031062919,-9.490200102,-7.854088448,-4.020442181,2.407872644,8.439886964
NXB15-7391,2445.451437,237.9139619,Hybrid,WESLEY,TX12M4004,2351.556123,2609.97632,2480.766221,2609.97632,-1.423543402,-6.303692527,-11.63287835,-7.956445174,-1.791747592,3.992901279
NXB15-7406,2563.778346,237.9446937,Hybrid,NE07531,TX12M4004,2411.29821,2609.97632,2510.637265,2609.97632,2.116637141,-1.770053373,-7.357100001,-3.502776985,2.960208919,9.024756875
NXB15-7414,2541.17761,203.353998,Hybrid,TX11D3112,TX12M4004,2747.390351,2609.97632,2678.683335,2747.390351,-5.133332618,-7.505767836,-8.173784365,-4.353438754,2.052573334,8.063659864
NXB15-7415,2460.704064,237.4840728,Hybrid,TX11D3026,TX12M4004,2294.282432,2609.97632,2452.129376,2609.97632,0.349683334,-5.719295414,-11.08172012,-7.382356513,-1.179208841,4.641519703
NXB15-7419,2552.809652,202.6136627,Hybrid,TX10D2063,TX12M4004,2360.300452,2609.97632,2485.138386,2609.97632,2.723038138,-2.190313651,-7.753457042,-3.915624097,2.51971101,8.558312819
NXB15-7422,2567.252425,202.5744451,Hybrid,TX12M4004,TX12M4004,2609.97632,2609.97632,2609.97632,2609.97632,-1.636945685,-1.636945685,-7.231563109,-3.372017245,3.099726407,9.172492202
NXB15-7426,2455.880237,202.0093618,Hybrid,TX10D2230,TX12M4004,2499.968092,2609.97632,2554.972206,2609.97632,-3.878397121,-5.904118018,-11.25603053,-7.563918945,-1.372931576,4.436386339
NXB15-7427,2524.120092,202.550248,Hybrid,TX12M4065,TX12M4004,2426.342153,2609.97632,2518.159236,2609.97632,0.236714815,-3.289540476,-8.790162897,-4.99546115,1.367550926,7.338288361
NXB15-7430,2508.723732,202.5736535,Hybrid,TX11D3008,TX12M4004,2102.459202,2609.97632,2356.217761,2609.97632,6.472490514,-3.879444688,-9.346514995,-5.574959768,0.749239882,6.683557646
NXB15-7434,2795.76403,207.0731233,Hybrid,TX10D2363,TX12M4004,2608.503863,2609.97632,2609.240091,2609.97632,7.148592392,7.118367671,1.025772333,5.228857076,12.27665181,18.88995559
NXB15-7455,2559.472358,237.9126727,Hybrid,TX10D2230,LCH13NEDH-11-24,2499.968092,2522.725603,2511.346848,2522.725603,1.916322707,1.456629067,-7.512698173,-3.664848676,2.787282335,8.841644592
NXB16-5007,2269.469201,202.3923124,Hybrid,HARRY,NE10683,2432.567115,2267.440592,2350.003853,2432.567115,-3.42700087,-6.704765216,-17.99204928,-14.58018359,-8.859116683,-3.490749006
NXB16-5048,2025.572435,203.6971665,Hybrid,HARRY,TX11D3129,2432.567115,2156.644442,2294.605778,2432.567115,-11.72459976,-16.73107712,-26.80533213,-23.760135,-18.65390336,-13.86246685
NXB16-5068,2257.588402,202.6153554,Hybrid,HARRY,Robidoux,2432.567115,2420.841986,2426.70455,2432.567115,-6.968963233,-7.193170994,-18.4213655,-15.02736111,-9.336244311,-3.995980339
NXB16-5103,2202.995106,202.0642572,Hybrid,HARRY,TX10D2230,2432.567115,2499.968092,2466.267603,2499.968092,-10.67493636,-11.87907105,-20.39411064,-17.08218051,-11.52868704,-6.317562021
NXB16-5144,2287.72493,202.9623905,Hybrid,HARRY,WESLEY,2432.567115,2351.556123,2392.061619,2432.567115,-4.361789338,-5.954293457,-17.33237303,-13.89306211,-8.12597464,-2.714423532
NXB16-5176,2318.453549,201.7155619,Hybrid,HARRY,Freeman,2432.567115,2656.841581,2544.704348,2656.841581,-8.891044596,-12.73647756,-16.22198514,-12.73647756,-6.891926823,-1.407688002
NXB16-5187,2334.364558,202.532633,Hybrid,HARRY,OVERLAND,2432.567115,2630.770863,2531.668989,2630.770863,-7.793452919,-11.26689933,-15.64703607,-12.13760826,-6.252947728,-0.731071849
NXB16-5237,2136.235727,201.9956839,Hybrid,HARRY,TX12M4063,2432.567115,2037.988611,2235.277863,2432.567115,-4.430864603,-12.18183809,-22.80648084,-19.59491517,-14.20971429,-9.156506773
NXB16-5245,2479.30615,201.6805268,Hybrid,HARRY,TX11D3112,2432.567115,2747.390351,2589.978733,2747.390351,-4.273107798,-9.757776192,-10.40952815,-6.682198614,-0.432157254,5.432574019
NXB16-5286,2268.47032,202.5609416,Hybrid,HARRY,TX12M4065,2432.567115,2426.342153,2429.454634,2432.567115,-6.626356035,-6.745828047,-18.02814414,-14.61778015,-8.899231301,-3.53322645
NXB16-5308,2473.61201,203.0817782,Hybrid,HARRY,PSB13NEDH-15-58W,2432.567115,2035.344339,2233.955727,2432.567115,10.72788865,1.687307823,-10.61528761,-6.896518505,-0.660831408,5.190430532
NXB16-5333,2211.362557,203.0359234,Hybrid,WESLEY,HARRY,2351.556123,2432.567115,2392.061619,2432.567115,-7.554114007,-9.09346165,-20.0917503,-16.76724075,-11.1926539,-5.961735914
NXB16-5334,2222.725934,201.5755787,Hybrid,TX11D3026,HARRY,2294.282432,2432.567115,2363.424773,2432.567115,-5.953176109,-8.62632644,-19.68113124,-16.33953826,-10.73630567,-5.478507919
NXB16-5335,2414.637557,201.5587383,Hybrid,Freeman,HARRY,2656.841581,2432.567115,2544.704348,2656.841581,-5.111273169,-9.116238828,-12.74634715,-9.116238828,-3.02921944,2.682540036
NXB16-5336,2474.238644,201.8107229,Hybrid,TX11D3049,HARRY,2494.817283,2432.567115,2463.692199,2494.817283,0.42807478,-0.82485557,-10.592644,-6.872932829,-0.63566606,5.217078165
NXB16-5337,2456.353159,202.563509,Hybrid,TX12M4063,HARRY,2037.988611,2432.567115,2235.277863,2432.567115,9.890282547,0.977816578,-11.23894136,-7.546118798,-1.353939248,4.456497349
NXB16-5338,2358.917248,201.7154388,Hybrid,GOODSTREAK,HARRY,2437.565152,2432.567115,2435.066133,2437.565152,-3.127179362,-3.226494447,-14.75981726,-11.21347752,-5.266922526,0.313032073
NXB16-5339,2310.387243,202.2387452,Hybrid,Robidoux,HARRY,2420.841986,2432.567115,2426.70455,2432.567115,-4.793220784,-5.022672154,-16.51346353,-13.04008263,-7.215866116,-1.750707922
NXB16-5340,2210.843874,202.574658,Hybrid,NE09517-1,HARRY,2817.401877,2432.567115,2624.984496,2817.401877,-15.77687878,-21.52898414,-20.11049306,-16.78676328,-11.21348398,-5.983792916
NXB16-5341,1855.426038,202.5804418,Hybrid,Panhandle,HARRY,2333.911096,2432.567115,2383.239106,2432.567115,-22.14687843,-23.72559725,-32.95362324,-30.16422013,-25.4869077,-21.09794786
NXB16-5342,2451.608219,237.9273821,Hybrid,TX09D1172,HARRY,2360.651539,2432.567115,2396.609327,2432.567115,2.294862637,0.782757606,-11.41040121,-7.724712074,-1.544493965,4.254718605
NXB16-5343,2210.718184,201.7804714,Hybrid,NE10683,HARRY,2267.440592,2432.567115,2350.003853,2432.567115,-5.927040025,-9.119951055,-20.1150349,-16.79149408,-11.21853162,-5.989137878
NXB16-5344,2542.414033,202.2727826,Hybrid,TX10D2363,HARRY,2608.503863,2432.567115,2520.535489,2608.503863,0.868011737,-2.533629772,-8.129105858,-4.306901439,2.102227527,8.116238781
NXB16-5345,2426.760839,202.5362028,Hybrid,TX12M4065,HARRY,2426.342153,2432.567115,2429.454634,2432.567115,-0.110880644,-0.238689238,-12.30826874,-8.659934565,-2.5423538,3.198082969
NXB16-5346,2351.552056,201.9845226,Hybrid,TX10D2063,HARRY,2360.300452,2432.567115,2396.433783,2432.567115,-1.872854899,-3.330434675,-15.02596068,-11.49069359,-5.562705384,-0.000172945
NXB16-5347,2388.259658,202.5493251,Hybrid,Settler CL,HARRY,2515.797261,2432.567115,2474.182188,2515.797261,-3.472764878,-5.069470626,-13.69952047,-10.10906805,-4.088544269,1.560819003
NXB16-5348,2154.581534,201.7141815,Hybrid,HARRY,HARRY,2432.567115,2432.567115,2432.567115,2432.567115,-11.42766333,-11.42766333,-22.14354959,-18.90440327,-13.47295475,-8.376350727
NXB16-5349,2139.09488,202.4810087,Hybrid,TX11D3008,HARRY,2102.459202,2432.567115,2267.513158,2432.567115,-5.663397259,-12.06430164,-22.70316449,-19.48730043,-14.09489196,-9.034921196
NXB16-5350,2434.066696,201.3080199,Hybrid,TX12M4004,HARRY,2609.97632,2432.567115,2521.271717,2609.97632,-3.45877125,-6.739893479,-12.0442694,-8.384951775,-2.248953798,3.508764777
NXB16-5351,2295.514809,202.5497563,Hybrid,NE07531,HARRY,2411.29821,2432.567115,2421.932662,2432.567115,-5.219709683,-5.634060622,-17.05088343,-13.59986139,-7.813136546,-2.383158692
NXB16-5352,2286.839384,202.5832295,Hybrid,OVERLAND,HARRY,2630.770863,2432.567115,2531.668989,2630.770863,-9.670679937,-13.07341069,-17.36437251,-13.9263929,-8.161537791,-2.752081418
NXB16-5353,2361.424046,202.0613301,Hybrid,TX11D3112,HARRY,2747.390351,2432.567115,2589.978733,2747.390351,-8.824577764,-14.04846987,-14.66923337,-11.11912496,-5.166250626,0.419633736
NXB16-5354,2190.118933,202.642976,Hybrid,PSB13NEDH-15-58W,HARRY,2035.344339,2432.567115,2233.955727,2432.567115,-1.962294668,-9.966762288,-20.85939503,-17.56682264,-12.04578849,-6.865121715
NXB16-5355,2160.360666,202.5824165,Hybrid,TX11D3129,HARRY,2156.644442,2432.567115,2294.605778,2432.567115,-5.850465202,-11.19008998,-21.93471895,-18.68688442,-13.24086739,-8.130592983
NXB16-5356,2350.316717,202.5630861,Hybrid,TX10D2230,HARRY,2499.968092,2432.567115,2466.267603,2499.968092,-4.70147221,-5.986131394,-15.07060001,-11.53719009,-5.612316034,-0.052705755
NXB16-5357,2268.255672,237.9102067,Hybrid,LCH13NEDH-11-24,HARRY,2522.725603,2432.567115,2477.646359,2522.725603,-8.45119344,-10.08710303,-18.0359005,-14.6258592,-8.907851453,-3.542354345
NXB16-5358,2335.276658,202.3414323,Hybrid,NE10589,HARRY,2556.327067,2432.567115,2494.447091,2556.327067,-6.380990532,-8.647188065,-15.61407706,-12.10327801,-6.216318184,-0.692284757
NXB16-5375,2406.926408,202.0894912,Hybrid,HARRY,NE10589,2432.567115,2556.327067,2494.447091,2556.327067,-3.508620524,-5.844348357,-13.02499183,-9.406476266,-3.338895785,2.354623179
NXB16-5417,2135.152978,201.1592239,Hybrid,HARRY,TX09D1172,2432.567115,2360.651539,2396.609327,2432.567115,-10.90942716,-12.22634866,-22.84560631,-19.63566842,-14.25319703,-9.202550722
NXB16-5437,1984.610526,202.1803272,Hybrid,HARRY,GOODSTREAK,2432.567115,2437.565152,2435.066133,2437.565152,-18.49870117,-18.5822572,-28.28550299,-25.30188702,-20.29891557,-15.60437334
NXB16-5471,2268.326944,202.0300104,Hybrid,HARRY,Panhandle,2432.567115,2333.911096,2383.239106,2432.567115,-4.821679938,-6.751722076,-18.03332509,-14.62317664,-8.904989227,-3.539323528
NXB16-5489,2467.966881,237.9273048,Hybrid,HARRY,TX12M4004,2432.567115,2609.97632,2521.271717,2609.97632,-2.114204326,-5.441024009,-10.81927602,-7.108993667,-0.887537279,4.950371263
NXB16-5524,2201.407719,202.5998109,Hybrid,HARRY,NE07531,2432.567115,2411.29821,2421.932662,2432.567115,-9.105329245,-9.502693424,-20.45147134,-17.14192765,-11.5924358,-6.385065702
FREEMAN,2656.841581,204.9571118,Parent,,,,,,,,,,,,
GOODSTREAK,2437.565152,290.6929466,Parent,,,,,,,,,,,,
HARRY,2432.567115,315.4882615,Parent,,,,,,,,,,,,
LCH13NEDH-11-24,2522.725603,291.5168892,Parent,,,,,,,,,,,,
NE07531,2411.29821,291.2288793,Parent,,,,,,,,,,,,
NE09517-1,2817.401877,291.2816606,Parent,,,,,,,,,,,,
NE10589,2556.327067,291.0737782,Parent,,,,,,,,,,,,
NE10683,2267.440592,291.0190134,Parent,,,,,,,,,,,,
OVERLAND,2630.770863,291.2409375,Parent,,,,,,,,,,,,
Panhandle,2333.911096,291.3189513,Parent,,,,,,,,,,,,
PSB13NEDH-15-58W,2035.344339,290.8230809,Parent,,,,,,,,,,,,
Robidoux,2420.841986,291.0527912,Parent,,,,,,,,,,,,
RUTH,2490.067156,262.6271979,Parent,,,,,,,,,,,,
Settler CL,2515.797261,290.9715714,Parent,,,,,,,,,,,,
TAM111,2767.377042,260.4083409,Parent,,,,,,,,,,,,
TX09D1172,2360.651539,290.682998,Parent,,,,,,,,,,,,
TX10D2063,2360.300452,291.2671119,Parent,,,,,,,,,,,,
TX10D2230,2499.968092,290.7063564,Parent,,,,,,,,,,,,
TX10D2363,2608.503863,290.6775836,Parent,,,,,,,,,,,,
TX11D3008,2102.459202,291.4683379,Parent,,,,,,,,,,,,
TX11D3026,2294.282432,293.2250867,Parent,,,,,,,,,,,,
TX11D3049,2494.817283,291.192827,Parent,,,,,,,,,,,,
TX11D3112,2747.390351,290.4506817,Parent,,,,,,,,,,,,
TX11D3129,2156.644442,291.0845044,Parent,,,,,,,,,,,,
TX12M4004,2609.97632,291.241441,Parent,,,,,,,,,,,,
TX12M4063,2037.988611,290.931532,Parent,,,,,,,,,,,,
TX12M4065,2426.342153,291.6754377,Parent,,,,,,,,,,,,
WESLEY,2351.556123,204.0978565,Parent,,,,,,,,,,,,
