Year,Genotype,Cross.direction,Mean
2017,NXB15-6006,TX-NE,2656.622983
2017,NXB15-6007,TX-NE,2735.82401
2017,NXB15-6010,TX-NE,2486.003077
2017,NXB15-6011,TX-NE,2390.476414
2017,NXB15-6014,TX-NE,2399.522263
2017,NXB15-6015,TX-NE,2511.09255
2017,NXB15-6018,TX-NE,2614.395381
2017,NXB15-6019,TX-NE,2604.941992
2017,NXB15-6022,TX-NE,2616.492786
2017,NXB15-6023,TX-NE,2618.460232
2017,NXB15-6026,TX-NE,2720.750136
2017,NXB15-6027,TX-NE,2569.877948
2017,NXB15-6030,NE-NE,2580.369266
2017,NXB15-6031,NE-NE,2509.219733
2017,NXB15-6034,NE-NE,2426.08297
2017,NXB15-6035,NE-NE,2469.983151
2017,NXB15-6038,NE-NE,2434.616461
2017,NXB15-6039,NE-NE,2382.370744
2017,NXB15-6042,NE-NE,2409.49839
2017,NXB15-6043,NE-NE,2284.167927
2017,NXB15-6046,NE-NE,2397.370503
2017,NXB15-6050,NE-NE,2397.287155
2017,NXB15-6054,NE-NE,2070.160111
2017,NXB15-6066,TX-NE,2520.096507
2017,NXB15-6070,TX-NE,2246.162785
2017,NXB15-6071,TX-NE,2265.813344
2017,NXB15-6074,TX-NE,2338.730306
2017,NXB15-6075,TX-NE,2612.402598
2017,NXB15-6078,TX-NE,2396.330489
2017,NXB15-6079,TX-NE,2523.918159
2017,NXB15-6082,TX-NE,2370.900876
2017,NXB15-6083,TX-NE,2521.12276
2017,NXB15-6086,TX-NE,2379.145845
2017,NXB15-6087,TX-NE,2172.258027
2017,NXB15-6094,TX-TX,2207.193871
2017,NXB15-6095,TX-TX,2170.584888
2017,NXB15-6098,TX-TX,2426.336729
2017,NXB15-6099,TX-TX,2009.333996
2017,NXB15-6102,TX-TX,2568.783811
2017,NXB15-6103,TX-TX,2590.820897
2017,NXB15-6106,TX-TX,2222.15574
2017,NXB15-6107,TX-TX,2454.670342
2017,NXB15-6110,TX-TX,2404.910275
2017,NXB15-6111,TX-TX,2330.984114
2017,NXB15-6114,TX-TX,2254.605413
2017,NXB15-6126,TX-NE,2385.42259
2017,NXB15-6127,TX-NE,2466.917403
2017,NXB15-6130,TX-NE,2444.316908
2017,NXB15-6131,TX-NE,2263.218359
2017,NXB15-6134,TX-NE,2534.365527
2017,NXB15-6135,TX-NE,2562.105977
2017,NXB15-6138,TX-NE,2529.480019
2017,NXB15-6139,TX-NE,2646.233783
2017,NXB15-6142,TX-NE,2671.69378
2017,NXB15-6143,TX-NE,2447.648033
2017,NXB15-6146,TX-NE,2376.515343
2017,NXB15-6147,TX-NE,2659.164821
2017,NXB15-6151,NE-NE,2660.615965
2017,NXB15-6154,NE-NE,2348.644848
2017,NXB15-6155,NE-NE,2416.408026
2017,NXB15-6158,NE-NE,2514.687614
2017,NXB15-6159,NE-NE,2336.004135
2017,NXB15-6162,NE-NE,2339.54341
2017,NXB15-6163,NE-NE,2485.002407
2017,NXB15-6166,NE-NE,2261.69037
2017,NXB15-6167,NE-NE,2262.782697
2017,NXB15-6170,NE-NE,2407.135356
2017,NXB15-6171,NE-NE,2231.009203
2017,NXB15-6174,NE-NE,2331.055611
2017,NXB15-6175,NE-NE,2220.272942
2017,NXB15-6203,TX-NE,1948.857724
2017,NXB15-6214,TX-TX,2299.101267
2017,NXB15-6219,TX-TX,2355.866793
2017,NXB15-6226,TX-TX,2238.543424
2017,NXB15-6247,TX-NE,2157.109089
2017,NXB15-6251,TX-NE,2147.669157
2017,NXB15-6254,TX-NE,2429.097796
2017,NXB15-6262,TX-NE,2486.838497
2017,NXB15-6266,TX-NE,2383.927811
2017,NXB15-6267,TX-NE,2237.871471
2017,NXB15-6338,TX-TX,2246.608402
2017,NXB15-6339,TX-TX,2449.692915
2017,NXB15-6346,TX-TX,2489.590198
2017,NXB15-6351,TX-TX,2184.260285
2017,NXB15-6366,TX-NE,2549.214555
2017,NXB15-6367,TX-NE,2345.357941
2017,NXB15-6370,TX-NE,2350.601524
2017,NXB15-6371,TX-NE,2858.461056
2017,NXB15-6374,TX-NE,2480.135611
2017,NXB15-6375,TX-NE,2585.227863
2017,NXB15-6378,TX-NE,2396.134103
2017,NXB15-6379,TX-NE,2387.40277
2017,NXB15-6382,TX-NE,2133.897011
2017,NXB15-6383,TX-NE,2313.658818
2017,NXB15-6386,TX-NE,2744.804123
2017,NXB15-6387,TX-NE,2819.766061
2017,NXB15-6390,NE-NE,2213.252088
2017,NXB15-6391,NE-NE,2446.412687
2017,NXB15-6394,NE-NE,2380.855666
2017,NXB15-6395,NE-NE,2318.216928
2017,NXB15-6398,NE-NE,2499.799392
2017,NXB15-6402,NE-NE,2427.720035
2017,NXB15-6403,NE-NE,2331.291258
2017,NXB15-6406,NE-NE,2259.595954
2017,NXB15-6407,NE-NE,2469.003558
2017,NXB15-6410,NE-NE,2590.534157
2017,NXB15-6411,NE-NE,2161.221458
2017,NXB15-6415,NE-NE,2139.053288
2017,NXB15-6455,TX-TX,2285.070642
2017,NXB15-6458,TX-TX,2256.326049
2017,NXB15-6463,TX-TX,2421.926919
2017,NXB15-6466,TX-TX,2366.95385
2017,NXB15-6471,TX-TX,2306.81587
2017,NXB15-6486,TX-TX,2580.161263
2017,NXB15-6487,TX-TX,2418.333457
2017,NXB15-6490,TX-TX,2485.112923
2017,NXB15-6491,TX-TX,2407.901853
2017,NXB15-6494,TX-TX,2373.065105
2017,NXB15-6495,TX-TX,2213.198043
2017,NXB15-6498,TX-TX,2461.413245
2017,NXB15-6499,TX-TX,2354.426988
2017,NXB15-6502,TX-TX,2509.352843
2017,NXB15-6503,TX-TX,2437.787938
2017,NXB15-6506,TX-TX,2615.624859
2017,NXB15-6507,TX-TX,2567.06367
2017,NXB15-6510,TX-NE,2609.955698
2017,NXB15-6511,TX-NE,2329.574954
2017,NXB15-6514,TX-NE,2480.516819
2017,NXB15-6519,TX-NE,2477.779017
2017,NXB15-6523,TX-NE,2267.536178
2017,NXB15-6526,TX-NE,2483.007547
2017,NXB15-6527,TX-NE,2429.555464
2017,NXB15-6530,TX-NE,2636.415145
2017,NXB15-6531,TX-NE,2352.531473
2017,NXB15-6534,TX-NE,2613.002123
2017,NXB15-6535,TX-NE,2503.167783
2017,NXB15-6547,NE-NE,2346.089471
2017,NXB15-6551,NE-NE,2748.343011
2017,NXB15-6554,NE-NE,2644.335864
2017,NXB15-6555,NE-NE,2232.97011
2017,NXB15-6558,NE-NE,2378.197089
2017,NXB15-6559,NE-NE,2280.986748
2017,NXB15-6562,NE-NE,2446.768252
2017,NXB15-6563,NE-NE,2226.219476
2017,NXB15-6566,NE-NE,2622.416163
2017,NXB15-6567,NE-NE,2612.247185
2017,NXB15-6570,NE-NE,2383.421273
2017,NXB15-6571,NE-NE,2411.136739
2017,NXB15-6574,TX-NE,2631.158597
2017,NXB15-6575,TX-NE,2478.58355
2017,NXB15-6578,TX-NE,2281.358613
2017,NXB15-6579,TX-NE,2303.136017
2017,NXB15-6582,TX-NE,2455.371171
2017,NXB15-6583,TX-NE,2705.808372
2017,NXB15-6586,TX-NE,2484.405384
2017,NXB15-6587,TX-NE,2295.364371
2017,NXB15-6590,TX-NE,2785.377271
2017,NXB15-6591,TX-NE,2412.899435
2017,NXB15-6594,TX-NE,2366.703999
2017,NXB15-6607,TX-TX,2615.954387
2017,NXB15-6614,TX-TX,2292.390881
2017,NXB15-6618,TX-TX,2793.864172
2017,NXB15-6619,TX-TX,2342.39198
2017,NXB15-6623,TX-TX,2678.427488
2017,NXB15-6666,NE-NE,2456.553952
2017,NXB15-6667,NE-NE,2573.452692
2017,NXB15-6670,NE-NE,2365.448816
2017,NXB15-6671,NE-NE,2476.929892
2017,NXB15-6674,NE-NE,2749.641173
2017,NXB15-6675,NE-NE,2399.292927
2017,NXB15-6678,NE-NE,2175.757941
2017,NXB15-6679,NE-NE,2696.373205
2017,NXB15-6683,NE-NE,2267.448612
2017,NXB15-6686,NE-NE,2343.766565
2017,NXB15-6687,NE-NE,2489.506451
2017,NXB15-6690,NE-NE,2630.061673
2017,NXB15-6691,NE-NE,2287.10753
2017,NXB15-6694,TX-NE,2273.227852
2017,NXB15-6695,TX-NE,2595.429585
2017,NXB15-6698,TX-NE,2400.795522
2017,NXB15-6699,TX-NE,2465.74552
2017,NXB15-6702,TX-NE,2674.857487
2017,NXB15-6703,TX-NE,2526.604767
2017,NXB15-6706,TX-NE,2313.326149
2017,NXB15-6707,TX-NE,2553.098524
2017,NXB15-6710,TX-NE,2189.773764
2017,NXB15-6711,TX-NE,2409.482793
2017,NXB15-6714,TX-NE,2495.963913
2017,NXB15-6715,TX-NE,2191.490152
2017,NXB15-6726,TX-TX,2565.955749
2017,NXB15-6727,TX-TX,2317.00047
2017,NXB15-6730,TX-TX,2694.762193
2017,NXB15-6731,TX-TX,2549.567999
2017,NXB15-6734,TX-TX,2492.954795
2017,NXB15-6735,TX-TX,2681.839786
2017,NXB15-6738,TX-TX,2596.145949
2017,NXB15-6739,TX-TX,2330.252449
2017,NXB15-6742,TX-TX,2568.296105
2017,NXB15-6743,TX-TX,2621.598397
2017,NXB15-6746,TX-TX,2534.823237
2017,NXB15-6750,TX-NE,2524.589062
2017,NXB15-6754,TX-NE,2301.930062
2017,NXB15-6755,TX-NE,2425.922884
2017,NXB15-6758,TX-NE,2411.763598
2017,NXB15-6759,TX-NE,2561.106161
2017,NXB15-6763,TX-NE,2604.607996
2017,NXB15-6766,TX-NE,2463.544507
2017,NXB15-6767,TX-NE,2222.440802
2017,NXB15-6771,TX-NE,2600.801793
2017,NXB15-6774,TX-NE,2548.451233
2017,NXB15-6775,TX-NE,2277.51925
2017,NXB15-6786,NE-NE,2406.752266
2017,NXB15-6787,NE-NE,2211.982616
2017,NXB15-6791,NE-NE,2144.363989
2017,NXB15-6794,NE-NE,2547.232318
2017,NXB15-6795,NE-NE,2222.121075
2017,NXB15-6799,NE-NE,2411.927217
2017,NXB15-6802,NE-NE,2399.783771
2017,NXB15-6803,NE-NE,2460.622564
2017,NXB15-6806,NE-NE,2296.748686
2017,NXB15-6807,NE-NE,2525.566704
2017,NXB15-6810,NE-NE,2427.069842
2017,NXB15-6811,NE-NE,2582.325413
2017,NXB15-6814,TX-NE,2102.834233
2017,NXB15-6815,TX-NE,2496.855144
2017,NXB15-6818,TX-NE,2452.089771
2017,NXB15-6819,TX-NE,2468.170536
2017,NXB15-6822,TX-NE,2463.383325
2017,NXB15-6823,TX-NE,2445.308456
2017,NXB15-6826,TX-NE,2579.526214
2017,NXB15-6827,TX-NE,2610.60235
2017,NXB15-6830,TX-NE,2472.898532
2017,NXB15-6831,TX-NE,2711.26365
2017,NXB15-6834,TX-NE,2520.137394
2017,NXB15-6835,TX-NE,2432.691996
2017,NXB15-6847,TX-TX,2539.178193
2017,NXB15-6858,TX-TX,2426.404674
2017,NXB15-6862,TX-TX,2535.303739
2017,NXB15-6863,TX-TX,2776.106871
2017,NXB15-6866,TX-TX,2261.770275
2017,NXB15-6906,NE-NE,2555.70746
2017,NXB15-6907,NE-NE,2286.119067
2017,NXB15-6910,NE-NE,2404.137379
2017,NXB15-6911,NE-NE,2701.702551
2017,NXB15-6914,NE-NE,2538.295993
2017,NXB15-6915,NE-NE,2491.915879
2017,NXB15-6922,NE-NE,2302.153613
2017,NXB15-6923,NE-NE,2501.700735
2017,NXB15-6926,NE-NE,2336.4742
2017,NXB15-6927,NE-NE,2417.286467
2017,NXB15-6930,NE-NE,2417.794606
2017,NXB15-6931,NE-NE,2538.252841
2017,NXB15-6934,TX-NE,2585.871063
2017,NXB15-6935,TX-NE,2366.096476
2017,NXB15-6938,TX-NE,2674.784261
2017,NXB15-6939,TX-NE,2128.037249
2017,NXB15-6942,TX-NE,2445.31323
2017,NXB15-6943,TX-NE,2589.011687
2017,NXB15-6946,TX-NE,2349.874067
2017,NXB15-6947,TX-NE,2393.401964
2017,NXB15-6950,TX-NE,2584.761551
2017,NXB15-6951,TX-NE,2183.930461
2017,NXB15-6954,TX-NE,2449.261243
2017,NXB15-6955,TX-NE,2471.115101
2017,NXB15-6967,TX-NE,2293.636401
2017,NXB15-6971,TX-NE,2348.934466
2017,NXB15-6975,TX-NE,2690.148857
2017,NXB15-6983,TX-NE,2410.41305
2017,NXB15-7026,TX-NE,2608.841261
2017,NXB15-7027,TX-NE,2623.537995
2017,NXB15-7030,TX-NE,2727.348438
2017,NXB15-7031,TX-NE,2780.45614
2017,NXB15-7034,TX-NE,2619.474163
2017,NXB15-7035,TX-NE,2475.384708
2017,NXB15-7038,TX-NE,2542.066064
2017,NXB15-7039,TX-NE,2709.890314
2017,NXB15-7042,TX-NE,2495.877291
2017,NXB15-7043,TX-NE,2434.037969
2017,NXB15-7051,TX-NE,2441.39733
2017,NXB15-7054,TX-TX,2570.561476
2017,NXB15-7055,TX-TX,2571.364193
2017,NXB15-7058,TX-TX,2352.128936
2017,NXB15-7059,TX-TX,2339.408188
2017,NXB15-7062,TX-TX,2490.330331
2017,NXB15-7063,TX-TX,2350.901651
2017,NXB15-7066,TX-TX,2514.210228
2017,NXB15-7067,TX-TX,2374.756146
2017,NXB15-7070,TX-TX,2285.684883
2017,NXB15-7071,TX-TX,2461.876678
2017,NXB15-7074,TX-TX,2157.070095
2017,NXB15-7075,TX-TX,2424.622881
2017,NXB15-7086,TX-NE,2359.668186
2017,NXB15-7087,TX-NE,2565.906373
2017,NXB15-7090,TX-NE,2754.753514
2017,NXB15-7091,TX-NE,2453.356883
2017,NXB15-7094,TX-NE,2426.608837
2017,NXB15-7095,TX-NE,2395.345943
2017,NXB15-7098,TX-NE,2371.182166
2017,NXB15-7099,TX-NE,2298.014114
2017,NXB15-7102,TX-NE,2724.287961
2017,NXB15-7103,TX-NE,2492.061192
2017,NXB15-7106,TX-NE,2896.885673
2017,NXB15-7107,TX-NE,2602.789321
2017,NXB15-7110,NE-NE,2578.338466
2017,NXB15-7111,NE-NE,2499.888531
2017,NXB15-7114,NE-NE,2325.399293
2017,NXB15-7115,NE-NE,2318.751672
2017,NXB15-7118,NE-NE,2511.182148
2017,NXB15-7119,NE-NE,2031.06855
2017,NXB15-7122,NE-NE,2441.903645
2017,NXB15-7123,NE-NE,2262.176367
2017,NXB15-7126,NE-NE,2734.031784
2017,NXB15-7127,NE-NE,2347.54801
2017,NXB15-7130,NE-NE,2653.291127
2017,NXB15-7134,NE-NE,2240.482142
2017,NXB15-7135,NE-NE,2578.04018
2017,NXB15-7146,TX-NE,2437.946142
2017,NXB15-7147,TX-NE,2592.58096
2017,NXB15-7150,TX-NE,2442.74614
2017,NXB15-7151,TX-NE,2636.164093
2017,NXB15-7154,TX-NE,2595.170019
2017,NXB15-7155,TX-NE,2457.736841
2017,NXB15-7159,TX-NE,2495.453925
2017,NXB15-7162,TX-NE,2406.582479
2017,NXB15-7163,TX-NE,2573.659711
2017,NXB15-7166,TX-NE,2583.350008
2017,NXB15-7167,TX-NE,2518.041667
2017,NXB15-7171,TX-NE,2605.965986
2017,NXB15-7174,TX-TX,2577.820181
2017,NXB15-7175,TX-TX,2516.306244
2017,NXB15-7178,TX-TX,2508.142996
2017,NXB15-7179,TX-TX,2619.003848
2017,NXB15-7182,TX-TX,2620.181611
2017,NXB15-7183,TX-TX,2632.884017
2017,NXB15-7186,TX-TX,2939.28957
2017,NXB15-7187,TX-TX,2523.987035
2017,NXB15-7190,TX-TX,2472.629366
2017,NXB15-7191,TX-TX,2500.535355
2017,NXB15-7194,TX-TX,2502.995492
2017,NXB15-7195,TX-TX,2461.166896
2017,NXB15-7206,TX-NE,2498.168093
2017,NXB15-7207,TX-NE,2589.613526
2017,NXB15-7210,TX-NE,2409.26014
2017,NXB15-7211,TX-NE,2523.085177
2017,NXB15-7214,TX-NE,2410.611195
2017,NXB15-7215,TX-NE,2497.121418
2017,NXB15-7218,TX-NE,2423.051291
2017,NXB15-7219,TX-NE,2435.61047
2017,NXB15-7222,TX-NE,2524.036532
2017,NXB15-7223,TX-NE,2341.674604
2017,NXB15-7226,TX-NE,2367.751112
2017,NXB15-7227,TX-NE,2407.584186
2017,NXB15-7230,NE-NE,2360.4215
2017,NXB15-7231,NE-NE,2583.903624
2017,NXB15-7234,NE-NE,2292.983791
2017,NXB15-7235,NE-NE,2375.444504
2017,NXB15-7238,NE-NE,2501.894351
2017,NXB15-7239,NE-NE,2721.370362
2017,NXB15-7242,NE-NE,2449.865733
2017,NXB15-7246,NE-NE,2386.565055
2017,NXB15-7247,NE-NE,2693.420797
2017,NXB15-7250,NE-NE,2520.267797
2017,NXB15-7254,NE-NE,2545.283233
2017,NXB15-7255,NE-NE,2515.708816
2017,NXB15-7266,TX-NE,2259.404598
2017,NXB15-7267,TX-NE,2481.963124
2017,NXB15-7270,TX-NE,2805.1163
2017,NXB15-7271,TX-NE,2376.011282
2017,NXB15-7274,TX-NE,2433.910559
2017,NXB15-7275,TX-NE,2544.310936
2017,NXB15-7278,TX-NE,2340.309886
2017,NXB15-7279,TX-NE,2788.754405
2017,NXB15-7282,TX-NE,2693.876951
2017,NXB15-7283,TX-NE,2593.723255
2017,NXB15-7286,TX-NE,2359.634216
2017,NXB15-7287,TX-NE,2524.874831
2017,NXB15-7291,TX-NE,2334.139168
2017,NXB15-7294,TX-TX,2588.714056
2017,NXB15-7295,TX-TX,2624.30528
2017,NXB15-7298,TX-TX,2626.451019
2017,NXB15-7299,TX-TX,1928.459607
2017,NXB15-7302,TX-TX,2420.247496
2017,NXB15-7303,TX-TX,2699.638526
2017,NXB15-7306,TX-TX,2732.144471
2017,NXB15-7307,TX-TX,2426.492882
2017,NXB15-7310,TX-TX,2747.492018
2017,NXB15-7311,TX-TX,2384.198263
2017,NXB15-7314,TX-TX,2416.13755
2017,NXB15-7315,TX-TX,2536.92407
2017,NXB15-7326,TX-NE,2559.786654
2017,NXB15-7327,TX-NE,2413.886652
2017,NXB15-7330,TX-NE,2523.7311
2017,NXB15-7331,TX-NE,2473.137902
2017,NXB15-7334,TX-NE,2624.367565
2017,NXB15-7335,TX-NE,2298.882081
2017,NXB15-7338,TX-NE,2265.95093
2017,NXB15-7339,TX-NE,2573.294597
2017,NXB15-7342,TX-NE,2686.890812
2017,NXB15-7343,TX-NE,2239.928961
2017,NXB15-7346,TX-NE,2298.728288
2017,NXB15-7347,TX-NE,2576.388648
2017,NXB15-7350,NE-NE,2347.111451
2017,NXB15-7351,NE-NE,2478.403476
2017,NXB15-7354,NE-NE,2432.0176
2017,NXB15-7355,NE-NE,2295.473019
2017,NXB15-7358,NE-NE,2442.385433
2017,NXB15-7359,NE-NE,2234.324665
2017,NXB15-7363,NE-NE,2385.066006
2017,NXB15-7366,NE-NE,2188.034932
2017,NXB15-7367,NE-NE,2412.808341
2017,NXB15-7370,NE-NE,2321.761815
2017,NXB15-7371,NE-NE,2313.547524
2017,NXB15-7374,NE-NE,2383.207937
2017,NXB15-7375,NE-NE,2558.718326
2017,NXB15-7387,TX-NE,2494.985688
2017,NXB15-7390,TX-NE,2550.024802
2017,NXB15-7391,TX-NE,2445.451437
2017,NXB15-7406,TX-NE,2563.778346
2017,NXB15-7414,TX-TX,2541.17761
2017,NXB15-7415,TX-TX,2460.704064
2017,NXB15-7419,TX-TX,2552.809652
2017,NXB15-7422,TX-TX,2567.252425
2017,NXB15-7426,TX-TX,2455.880237
2017,NXB15-7427,TX-TX,2524.120092
2017,NXB15-7430,TX-TX,2508.723732
2017,NXB15-7434,TX-TX,2795.76403
2017,NXB15-7455,TX-NE,2559.472358
2017,NXB16-5007,NE-NE,2269.469201
2017,NXB16-5048,TX-NE,2025.572435
2017,NXB16-5068,NE-NE,2257.588402
2017,NXB16-5103,TX-NE,2202.995106
2017,NXB16-5144,NE-NE,2287.72493
2017,NXB16-5176,NE-NE,2318.453549
2017,NXB16-5187,NE-NE,2334.364558
2017,NXB16-5237,TX-NE,2136.235727
2017,NXB16-5245,TX-NE,2479.30615
2017,NXB16-5286,TX-NE,2268.47032
2017,NXB16-5308,NE-NE,2473.61201
2017,NXB16-5333,NE-NE,2211.362557
2017,NXB16-5334,TX-NE,2222.725934
2017,NXB16-5335,NE-NE,2414.637557
2017,NXB16-5336,TX-NE,2474.238644
2017,NXB16-5337,TX-NE,2456.353159
2017,NXB16-5338,NE-NE,2358.917248
2017,NXB16-5339,NE-NE,2310.387243
2017,NXB16-5340,NE-NE,2210.843874
2017,NXB16-5341,NE-NE,1855.426038
2017,NXB16-5342,TX-NE,2451.608219
2017,NXB16-5343,NE-NE,2210.718184
2017,NXB16-5344,TX-NE,2542.414033
2017,NXB16-5345,TX-NE,2426.760839
2017,NXB16-5346,TX-NE,2351.552056
2017,NXB16-5347,NE-NE,2388.259658
2017,NXB16-5348,NE-NE,2154.581534
2017,NXB16-5349,TX-NE,2139.09488
2017,NXB16-5350,TX-NE,2434.066696
2017,NXB16-5351,NE-NE,2295.514809
2017,NXB16-5352,NE-NE,2286.839384
2017,NXB16-5353,TX-NE,2361.424046
2017,NXB16-5354,NE-NE,2190.118933
2017,NXB16-5355,TX-NE,2160.360666
2017,NXB16-5356,TX-NE,2350.316717
2017,NXB16-5357,NE-NE,2268.255672
2017,NXB16-5358,NE-NE,2335.276658
2017,NXB16-5375,NE-NE,2406.926408
2017,NXB16-5417,TX-NE,2135.152978
2017,NXB16-5437,NE-NE,1984.610526
2017,NXB16-5471,NE-NE,2268.326944
2017,NXB16-5489,TX-NE,2467.966881
2017,NXB16-5524,NE-NE,2201.407719
2016,NXB15_6031,NE-NE,1205.101658
2016,NXB15_6175,NE-NE,1764.322922
2016,NXB15_6282,NE-NE,1746.450365
2016,NXB15_6006,TX-NE,2010.882856
2016,NXB15_6007,TX-NE,1850.033619
2016,NXB15_6010,TX-NE,2809.940179
2016,NXB15_6011,TX-NE,2179.697791
2016,NXB15_6014,TX-NE,1276.004667
2016,NXB15_6015,TX-NE,2145.974322
2016,NXB15_6018,TX-NE,2416.701499
2016,NXB15_6019,TX-NE,2642.664473
2016,NXB15_6022,TX-NE,1623.793662
2016,NXB15_6023,TX-NE,1885.126276
2016,NXB15_6026,TX-NE,2072.172621
2016,NXB15_6027,TX-NE,2173.803371
2016,NXB15_6030,NE-NE,1591.728769
2016,NXB15_6319,TX-NE,1727.388271
2016,NXB15_6035,NE-NE,1269.838028
2016,NXB15_6038,NE-NE,1957.421057
2016,NXB15_6039,NE-NE,890.0844187
2016,NXB15_6042,NE-NE,1216.407981
2016,NXB15_6043,NE-NE,1621.204251
2016,NXB15_6046,NE-NE,1462.016598
2016,NXB15_6047,NE-NE,2436.531588
2016,NXB15_6050,NE-NE,1624.790792
2016,NXB15_6051,NE-NE,1354.876008
2016,NXB15_6054,NE-NE,1315.09275
2016,NXB15_6055,NE-NE,1132.319565
2016,NXB15_6203,TX-NE,1928.964911
2016,NXB15_6126,TX-NE,1793.340049
2016,NXB15_6127,TX-NE,2834.497657
2016,NXB15_6130,TX-NE,2749.420663
2016,NXB15_6131,TX-NE,2214.300309
2016,NXB15_6134,TX-NE,2184.991946
2016,NXB15_6135,TX-NE,2132.271122
2016,NXB15_6138,TX-NE,2351.849134
2016,NXB15_6142,TX-NE,1843.506971
2016,NXB15_6143,TX-NE,1488.984386
2016,NXB15_6146,TX-NE,2262.975996
2016,NXB15_6147,TX-NE,2644.656779
2016,NXB15_6150,NE-NE,2407.554013
2016,NXB15_6155,NE-NE,1705.784759
2016,NXB15_6158,NE-NE,1887.997261
2016,NXB15_6159,NE-NE,1480.606384
2016,NXB15_6162,NE-NE,1381.625598
2016,NXB15_6163,NE-NE,1508.606592
2016,NXB15_6166,NE-NE,675.8152954
2016,NXB15_6167,NE-NE,1635.101084
2016,NXB15_6170,NE-NE,1466.963055
2016,NXB15_6171,NE-NE,1246.564804
2016,NXB15_6174,NE-NE,1290.446356
2016,NXB15_6086,TX-NE,1685.520812
2016,NXB15_6246,TX-NE,2154.884823
2016,NXB15_6247,TX-NE,3014.552643
2016,NXB15_6250,TX-NE,2304.037356
2016,NXB15_6251,TX-NE,1869.856465
2016,NXB15_6255,TX-NE,2497.743295
2016,NXB15_6262,TX-NE,2147.152399
2016,NXB15_6267,TX-NE,2273.454461
2016,NXB15_6270,NE-NE,1362.329375
2016,NXB15_6274,NE-NE,1823.39293
2016,NXB15_6279,NE-NE,1327.225155
2016,NXB15_6283,NE-NE,2045.530229
2016,NXB15_6286,NE-NE,1057.395683
2016,NXB15_6287,NE-NE,1306.376963
2016,NXB15_6290,NE-NE,1425.466846
2016,NXB15_6294,NE-NE,1388.238348
2016,NXB15_6295,NE-NE,1972.096955
2016,NXB15_6307,TX-NE,1307.466352
2016,NXB15_6310,TX-NE,1555.896983
2016,NXB15_6311,TX-NE,1380.033535
2016,NXB15_6314,TX-NE,1466.60138
2016,NXB15_6315,TX-NE,1768.84424
2016,NXB15_6318,TX-NE,1611.35127
2016,NXB15_6323,TX-NE,2190.162184
2016,NXB15_6326,TX-NE,887.1992833
2016,NXB15_6330,TX-NE,1308.247175
2016,NXB15_6331,TX-NE,1534.803073
2016,NXB15_6335,TX-TX,2070.099646
2016,NXB15_6338,TX-TX,2358.973233
2016,NXB15_6339,TX-TX,2302.848556
2016,NXB15_6342,TX-TX,2492.778195
2016,NXB15_6346,TX-TX,1797.630001
2016,NXB15_6347,TX-TX,2390.016474
2016,NXB15_6350,TX-TX,2461.821006
2016,NXB15_6351,TX-TX,1921.391602
2016,NXB15_6355,TX-TX,2211.323509
2016,NXB15_6186,TX-NE,2614.917059
2016,NXB15_6187,TX-NE,1740.882255
2016,NXB15_6191,TX-NE,1042.895586
2016,NXB15_6195,TX-NE,841.2823191
2016,NXB15_6202,TX-NE,1847.704281
2016,NXB15_6206,TX-NE,1824.663714
2016,NXB15_6207,TX-NE,1669.396372
2016,NXB15_6210,TX-NE,1397.670622
2016,NXB15_6211,TX-NE,1277.623841
2016,NXB15_6214,TX-TX,2026.992348
2016,NXB15_6215,TX-TX,2214.430247
2016,NXB15_6219,TX-TX,2513.605757
2016,NXB15_6222,TX-TX,1935.670498
2016,NXB15_6223,TX-TX,2312.967758
2016,NXB15_6231,TX-TX,3055.129767
2016,NXB15_6234,TX-TX,1921.391602
2016,NXB15_6235,TX-TX,2219.946911
2016,NXB15_6066,TX-NE,1786.536383
2016,NXB15_6067,TX-NE,1477.950358
2016,NXB15_6070,TX-NE,1351.433726
2016,NXB15_6071,TX-NE,1435.996139
2016,NXB15_6074,TX-NE,1524.041934
2016,NXB15_6075,TX-NE,1783.540549
2016,NXB15_6079,TX-NE,1716.251543
2016,NXB15_6082,TX-NE,1788.257383
2016,NXB15_6083,TX-NE,1641.878866
2016,NXB15_6087,TX-NE,1556.838145
2016,NXB15_6090,TX-NE,2655.084756
2016,NXB15_6091,TX-NE,944.3254475
2016,NXB15_6095,TX-TX,2257.061969
2016,NXB15_6098,TX-TX,2485.863813
2016,NXB15_6099,TX-TX,2460.342353
2016,NXB15_6102,TX-TX,2259.610617
2016,NXB15_6106,TX-TX,2864.447842
2016,NXB15_6107,TX-TX,2436.049029
2016,NXB15_6110,TX-TX,3155.287344
2016,NXB15_6111,TX-TX,2575.345234
2016,NXB15_6114,TX-TX,2327.844206
2016,NXB15_6115,TX-TX,1726.665373
2016,NXB15_6566,NE-NE,1749.806785
2016,NXB15_6571,NE-NE,1378.101674
2016,NXB15_6574,TX-NE,2554.654994
2016,NXB15_6554,NE-NE,1908.806147
2016,NXB15_6587,TX-NE,2290.101255
2016,NXB15_6590,TX-NE,2441.181246
2016,NXB15_6371,TX-NE,2185.607397
2016,NXB15_6402,NE-NE,1348.28429
2016,NXB15_6410,NE-NE,1059.070507
2016,NXB15_6367,TX-NE,2272.99038
2016,NXB15_6390,NE-NE,1759.158378
2016,NXB15_6374,TX-NE,2188.682705
2016,NXB15_7446,TX-NE,2264.305546
2016,NXB15_7482,NE-NE,1103.097134
2016,NXB15_7494,NE-NE,1349.871443
2016,NXB15_7467,TX-NE,1672.723969
2016,NXB15_7495,NE-NE,1298.771735
2016,NXB15_7447,TX-NE,2217.762873
2016,NXB15_6971,TX-NE,2404.688999
2016,NXB15_6998,NE-NE,1569.738698
2016,NXB15_7006,NE-NE,1756.908331
2016,NXB15_6974,TX-NE,2147.678185
2016,NXB15_6994,NE-NE,1610.930292
2016,NXB15_6970,TX-NE,2142.965873
2016,NXB15_6139,TX-NE,2884.466127
2016,NXB15_6151,NE-NE,1030.030135
2016,NXB15_7343,TX-NE,2230.223797
2016,NXB15_7350,NE-NE,1286.66136
2016,NXB15_7370,NE-NE,1242.653267
2016,NXB15_7326,TX-NE,2276.369257
2016,NXB15_7351,NE-NE,1658.775232
2016,NXB15_7334,TX-NE,2488.032277
2016,NXB15_7227,TX-NE,2272.857178
2016,NXB15_7231,NE-NE,1198.026455
2016,NXB15_7246,NE-NE,1035.099634
2016,NXB15_7223,TX-NE,2033.83896
2016,NXB15_7255,NE-NE,1640.187582
2016,NXB15_7206,TX-NE,2387.372009
2016,NXB15_6687,NE-NE,1071.645215
2016,NXB15_6691,NE-NE,913.8263641
2016,NXB15_6714,TX-NE,2365.491385
2016,NXB15_6679,NE-NE,1129.367093
2016,NXB15_6703,TX-NE,2677.969896
2016,NXB15_7107,TX-NE,2504.190466
2016,NXB15_7110,NE-NE,1504.332256
2016,NXB15_7123,NE-NE,1180.842932
2016,NXB15_7094,TX-NE,2070.686714
2016,NXB15_7135,NE-NE,1414.733
2016,NXB15_7103,TX-NE,1916.792367
2016,NXB15_6907,NE-NE,1447.605582
2016,NXB15_6926,NE-NE,1354.562824
2016,NXB15_6938,TX-NE,3112.478114
2016,NXB15_6915,NE-NE,1682.376994
2016,NXB15_6947,TX-NE,2240.084443
2016,NXB15_6266,TX-NE,1889.595198
2016,NXB15_6271,NE-NE,1054.39607
2016,NXB15_6291,NE-NE,1635.128548
2016,NXB15_6498,TX-TX,2354.794716
2016,NXB15_6531,TX-NE,1379.923576
2016,NXB15_6535,TX-NE,722.2260153
2016,NXB15_6503,TX-TX,2169.025266
2016,NXB15_6530,TX-NE,1248.599923
2016,NXB15_6494,TX-TX,1781.030175
2016,NXB15_6607,TX-TX,2068.886253
2016,NXB15_6642,TX-NE,1516.467483
2016,NXB15_6606,TX-TX,2186.007026
2016,NXB15_6650,TX-NE,1735.738528
2016,NXB15_6622,TX-TX,1544.585806
2016,NXB15_6743,TX-TX,2569.594714
2016,NXB15_6767,TX-NE,759.2434543
2016,NXB15_6771,TX-NE,1158.987815
2016,NXB15_6770,TX-NE,1564.922303
2016,NXB15_6730,TX-TX,3141.143026
2016,NXB15_6863,TX-TX,3018.030713
2016,NXB15_6851,TX-TX,2485.916242
2016,NXB15_6443,TX-NE,1041.925675
2016,NXB15_6474,TX-TX,2896.079898
2016,NXB15_6447,TX-NE,2114.014037
2016,NXB15_6462,TX-TX,1986.475816
2016,NXB15_6470,TX-TX,2568.01562
2016,NXB15_6306,TX-NE,1451.707229
2016,NXB15_6322,TX-NE,1290.477891
2016,NXB15_6343,TX-TX,2002.266439
2016,NXB15_6327,TX-NE,2013.019911
2016,NXB15_6226,TX-TX,2926.266954
2016,NXB15_6199,TX-NE,1314.928366
2016,NXB15_6078,TX-NE,1441.065246
2016,NXB15_7267,TX-NE,1225.131349
2016,NXB15_7287,TX-NE,1002.706524
2016,NXB15_7303,TX-TX,2338.659514
2016,NXB15_7275,TX-NE,1890.896446
2016,NXB15_7311,TX-TX,2195.933659
2016,NXB15_7315,TX-TX,1824.551643
2016,NXB15_7406,TX-NE,1429.955851
2016,NXB15_7411,TX-NE,1331.144113
2016,NXB15_7414,TX-TX,2646.298254
2016,NXB15_7395,TX-NE,2011.145676
2016,NXB15_7423,TX-TX,2671.157269
2016,NXB15_7415,TX-TX,2461.680206
2016,NXB15_7147,TX-NE,1247.907532
2016,NXB15_7154,TX-NE,1125.583379
2016,NXB15_7174,TX-TX,2708.461805
2016,NXB15_7163,TX-NE,1589.920338
2016,NXB15_7187,TX-TX,2414.812425
2016,NXB15_7195,TX-TX,2506.206115
2016,NXB15_7027,TX-NE,1612.027461
2016,NXB15_7043,TX-NE,1783.281223
2016,NXB15_7054,TX-TX,3024.535025
2016,NXB15_7039,TX-NE,2132.190041
2016,NXB15_7058,TX-TX,2277.361896
2016,NXB15_7071,TX-TX,2748.003069
2016,NXB15_6810,NE-NE,671.0533842
2016,NXB15_6819,TX-NE,1960.880223
2016,NXB15_6799,NE-NE,1251.028022
2016,NXB15_6546,NE-NE,2229.042604
2016,NXB15_6547,NE-NE,1578.681706
2016,NXB15_6550,NE-NE,1690.171766
2016,NXB15_6555,NE-NE,1813.301806
2016,NXB15_6558,NE-NE,1095.860622
2016,NXB15_6559,NE-NE,1206.513822
2016,NXB15_6562,NE-NE,1391.862431
2016,NXB15_6563,NE-NE,1410.168006
2016,NXB15_6567,NE-NE,1343.168816
2016,NXB15_6570,NE-NE,2337.31494
2016,NXB15_6575,TX-NE,2542.285823
2016,NXB15_6578,TX-NE,2972.136517
2016,NXB15_6579,TX-NE,2084.753208
2016,NXB15_6582,TX-NE,2782.582085
2016,NXB15_6583,TX-NE,1549.364722
2016,NXB15_6586,TX-NE,2477.45701
2016,NXB15_6591,TX-NE,2613.665127
2016,NXB15_6594,TX-NE,2046.705065
2016,NXB15_6595,TX-NE,3112.925615
2016,NXB15_6366,TX-NE,2047.011699
2016,NXB15_6370,TX-NE,1482.61038
2016,NXB15_6375,TX-NE,2229.082607
2016,NXB15_6378,TX-NE,2249.628127
2016,NXB15_6379,TX-NE,2190.347107
2016,NXB15_6382,TX-NE,2052.151098
2016,NXB15_6383,TX-NE,2418.238359
2016,NXB15_6386,TX-NE,1889.651123
2016,NXB15_6387,TX-NE,2204.157004
2016,NXB15_6391,NE-NE,1466.670161
2016,NXB15_6395,NE-NE,1551.270056
2016,NXB15_6398,NE-NE,1612.983451
2016,NXB15_6399,NE-NE,1688.254468
2016,NXB15_6406,NE-NE,1529.417931
2016,NXB15_6407,NE-NE,1503.644275
2016,NXB15_6411,NE-NE,1159.451992
2016,NXB15_6414,NE-NE,957.3196138
2016,NXB15_6415,NE-NE,1555.591141
2016,NXB15_7450,TX-NE,1703.634378
2016,NXB15_7451,TX-NE,2296.834681
2016,NXB15_7454,TX-NE,2605.08601
2016,NXB15_7455,TX-NE,3135.428036
2016,NXB15_7458,TX-NE,2241.756269
2016,NXB15_7459,TX-NE,2502.571223
2016,NXB15_7462,TX-NE,3183.26842
2016,NXB15_7463,TX-NE,2572.807984
2016,NXB15_7466,TX-NE,2442.965882
2016,NXB15_7470,NE-NE,1454.16844
2016,NXB15_7471,NE-NE,2459.858703
2016,NXB15_7474,NE-NE,1417.862328
2016,NXB15_7478,NE-NE,1430.793363
2016,NXB15_7479,NE-NE,1898.379198
2016,NXB15_7483,NE-NE,1265.36654
2016,NXB15_7486,NE-NE,1745.122721
2016,NXB15_7490,NE-NE,1246.525839
2016,NXB15_7491,NE-NE,1298.560766
2016,NXB15_6966,TX-NE,2095.060695
2016,NXB15_6967,TX-NE,2356.291303
2016,NXB15_6975,TX-NE,2966.13487
2016,NXB15_6978,TX-NE,2651.928397
2016,NXB15_6979,TX-NE,3753.33765
2016,NXB15_6982,TX-NE,1911.562902
2016,NXB15_6983,TX-NE,2778.583861
2016,NXB15_6986,TX-NE,1872.125481
2016,NXB15_6987,TX-NE,2393.988038
2016,NXB15_6990,NE-NE,1559.860773
2016,NXB15_6991,NE-NE,1082.095207
2016,NXB15_6995,NE-NE,1667.292271
2016,NXB15_6999,NE-NE,3391.68523
2016,NXB15_7002,NE-NE,2041.289118
2016,NXB15_7007,NE-NE,1734.614824
2016,NXB15_7010,NE-NE,1200.987668
2016,NXB15_7011,NE-NE,997.2975136
2016,NXB15_7014,NE-NE,1445.22995
2016,NXB15_7015,NE-NE,1262.741351
2016,NXB15_7327,TX-NE,2419.623352
2016,NXB15_7330,TX-NE,2102.34795
2016,NXB15_7331,TX-NE,2441.25067
2016,NXB15_7335,TX-NE,2191.272991
2016,NXB15_7338,TX-NE,2367.047538
2016,NXB15_7339,TX-NE,2479.194142
2016,NXB15_7342,TX-NE,1828.00995
2016,NXB15_7346,TX-NE,1422.460904
2016,NXB15_7347,TX-NE,3072.400675
2016,NXB15_7354,NE-NE,1054.116771
2016,NXB15_7355,NE-NE,1435.91261
2016,NXB15_7358,NE-NE,1392.004767
2016,NXB15_7362,NE-NE,2719.174636
2016,NXB15_7363,NE-NE,908.9829178
2016,NXB15_7366,NE-NE,1807.931123
2016,NXB15_7367,NE-NE,1762.609927
2016,NXB15_7371,NE-NE,1670.375218
2016,NXB15_7374,NE-NE,1432.359743
2016,NXB15_7207,TX-NE,2209.779948
2016,NXB15_7210,TX-NE,1640.834453
2016,NXB15_7211,TX-NE,2057.240979
2016,NXB15_7214,TX-NE,2739.083265
2016,NXB15_7215,TX-NE,1765.758431
2016,NXB15_7218,TX-NE,2662.054381
2016,NXB15_7219,TX-NE,2180.592678
2016,NXB15_7222,TX-NE,2944.440455
2016,NXB15_7226,TX-NE,2156.839155
2016,NXB15_6403,NE-NE,1600.206129
2016,NXB15_7234,NE-NE,1697.77607
2016,NXB15_7235,NE-NE,1370.176275
2016,NXB15_7238,NE-NE,1088.074488
2016,NXB15_7239,NE-NE,1626.251754
2016,NXB15_7242,NE-NE,1365.345169
2016,NXB15_7243,NE-NE,2281.755397
2016,NXB15_7250,NE-NE,1208.238442
2016,NXB15_7251,NE-NE,985.3177043
2016,NXB15_7254,NE-NE,2146.774966
2016,NXB15_6666,NE-NE,1293.669347
2016,NXB15_6667,NE-NE,1266.85076
2016,NXB15_6674,NE-NE,1571.252191
2016,NXB15_6675,NE-NE,1316.452373
2016,NXB15_6678,NE-NE,1082.844589
2016,NXB15_6682,NE-NE,2077.740337
2016,NXB15_6683,NE-NE,1565.70486
2016,NXB15_7475,NE-NE,1286.046034
2016,NXB15_6690,NE-NE,1857.314399
2016,NXB15_6694,TX-NE,1944.044396
2016,NXB15_6698,TX-NE,2252.544589
2016,NXB15_6699,TX-NE,3349.564453
2016,NXB15_6702,TX-NE,2054.444063
2016,NXB15_6706,TX-NE,2508.725966
2016,NXB15_6707,TX-NE,2590.551411
2016,NXB15_6710,TX-NE,2403.989971
2016,NXB15_6711,TX-NE,2414.526501
2016,NXB15_6715,TX-NE,2015.588725
2016,NXB15_7086,TX-NE,3116.513631
2016,NXB15_7087,TX-NE,2182.774125
2016,NXB15_7090,TX-NE,1583.286611
2016,NXB15_7091,TX-NE,2398.945627
2016,NXB15_7095,TX-NE,1927.922223
2016,NXB15_7098,TX-NE,2635.167734
2016,NXB15_7099,TX-NE,2087.02569
2016,NXB15_7102,TX-NE,1940.702735
2016,NXB15_7106,TX-NE,2923.311858
2016,NXB15_7111,NE-NE,2048.808438
2016,NXB15_7114,NE-NE,1420.490036
2016,NXB15_7115,NE-NE,1722.660012
2016,NXB15_7118,NE-NE,1335.893042
2016,NXB15_7119,NE-NE,953.0210769
2016,NXB15_7122,NE-NE,1403.760347
2016,NXB15_7003,NE-NE,1672.303517
2016,NXB15_7130,NE-NE,1021.975627
2016,NXB15_7131,NE-NE,2219.469413
2016,NXB15_7134,NE-NE,1457.404363
2016,NXB15_6906,NE-NE,1491.434858
2016,NXB15_6910,NE-NE,1366.388885
2016,NXB15_6911,NE-NE,1813.978673
2016,NXB15_6914,NE-NE,1425.745553
2016,NXB15_6918,NE-NE,2389.641278
2016,NXB15_6919,NE-NE,1100.471587
2016,NXB15_6922,NE-NE,1456.126981
2016,NXB15_6927,NE-NE,1325.452452
2016,NXB15_6930,NE-NE,1137.828658
2016,NXB15_7359,NE-NE,2069.16595
2016,NXB15_6935,TX-NE,2460.230151
2016,NXB15_6939,TX-NE,2444.852956
2016,NXB15_6942,TX-NE,1543.807543
2016,NXB15_6943,TX-NE,2250.345751
2016,NXB15_6950,TX-NE,2017.483623
2016,NXB15_6955,TX-NE,3280.406094
2016,NXB15_7230,NE-NE,1706.004051
2016,NXB15_6486,TX-TX,1909.811711
2016,NXB15_6487,TX-TX,2906.951698
2016,NXB15_6490,TX-TX,2611.888386
2016,NXB15_6491,TX-TX,2771.834432
2016,NXB15_6495,TX-TX,2629.232941
2016,NXB15_6502,TX-TX,3394.995152
2016,NXB15_6506,TX-TX,1918.029131
2016,NXB15_6507,TX-TX,1904.380417
2016,NXB15_6510,TX-NE,2129.778363
2016,NXB15_6511,TX-NE,1462.122213
2016,NXB15_6514,TX-NE,1173.359411
2016,NXB15_6515,TX-NE,2268.757993
2016,NXB15_6518,TX-NE,1386.463151
2016,NXB15_6519,TX-NE,1623.072761
2016,NXB15_6522,TX-NE,893.9019148
2016,NXB15_6523,TX-NE,1589.78267
2016,NXB15_6526,TX-NE,1488.603273
2016,NXB15_6527,TX-NE,1260.234039
2016,NXB15_6686,NE-NE,1945.707887
2016,NXB15_6610,TX-TX,2406.101373
2016,NXB15_6611,TX-TX,2397.698768
2016,NXB15_6614,TX-TX,2853.290074
2016,NXB15_6615,TX-TX,1609.203365
2016,NXB15_6618,TX-TX,2407.89711
2016,NXB15_6619,TX-TX,2755.030835
2016,NXB15_6626,TX-TX,2331.494099
2016,NXB15_6627,TX-TX,2419.687506
2016,NXB15_6630,TX-NE,1529.288853
2016,NXB15_6631,TX-NE,2330.191356
2016,NXB15_6634,TX-NE,1580.170835
2016,NXB15_6635,TX-NE,1788.29687
2016,NXB15_6638,TX-NE,1363.49588
2016,NXB15_7126,NE-NE,1749.635803
2016,NXB15_6651,TX-NE,1906.71712
2016,NXB15_6655,TX-NE,1883.071243
2016,NXB15_6727,TX-TX,3028.093853
2016,NXB15_6731,TX-TX,2522.819775
2016,NXB15_6735,TX-TX,2458.290194
2016,NXB15_6738,TX-TX,3063.373664
2016,NXB15_6739,TX-TX,2183.238325
2016,NXB15_6742,TX-TX,1988.259641
2016,NXB15_6746,TX-TX,1744.055912
2016,NXB15_6747,TX-TX,1908.189301
2016,NXB15_6750,TX-NE,1734.758676
2016,NXB15_6751,TX-NE,1404.811222
2016,NXB15_6754,TX-NE,1728.232384
2016,NXB15_6755,TX-NE,1757.707272
2016,NXB15_6758,TX-NE,1315.020994
2016,NXB15_6759,TX-NE,1996.877614
2016,NXB15_6762,TX-NE,2100.841039
2016,NXB15_6763,TX-NE,1250.909201
2016,NXB15_6931,NE-NE,1805.975884
2016,NXB15_6774,TX-NE,1627.308892
2016,NXB15_6775,TX-NE,1170.189719
2016,NXB15_6846,TX-TX,2485.357263
2016,NXB15_6847,TX-TX,2267.296324
2016,NXB15_6850,TX-TX,2488.506469
2016,NXB15_6854,TX-TX,2362.766883
2016,NXB15_6859,TX-TX,2539.850357
2016,NXB15_6862,TX-TX,2082.989981
2016,NXB15_6866,TX-TX,2977.516785
2016,NXB15_6867,TX-TX,2271.058684
2016,NXB15_6870,TX-NE,1457.502326
2016,NXB15_6534,TX-NE,1723.833643
2016,NXB15_6886,TX-NE,1977.327743
2016,NXB15_6891,TX-NE,1997.203025
2016,NXB15_6894,TX-NE,1785.124759
2016,NXB15_6426,TX-NE,1299.992009
2016,NXB15_6647,TX-NE,2030.964318
2016,NXB15_6430,TX-NE,1394.219558
2016,NXB15_6431,TX-NE,1140.817825
2016,NXB15_6434,TX-NE,929.0579981
2016,NXB15_6435,TX-NE,2450.495723
2016,NXB15_6438,TX-NE,2208.946102
2016,NXB15_6439,TX-NE,1306.637734
2016,NXB15_6442,TX-NE,1323.85185
2016,NXB15_6446,TX-NE,1359.195314
2016,NXB15_6451,TX-NE,999.4705452
2016,NXB15_6454,TX-TX,2043.203503
2016,NXB15_6455,TX-TX,2416.057602
2016,NXB15_6458,TX-TX,1996.186133
2016,NXB15_6459,TX-TX,2857.031632
2016,NXB15_6466,TX-TX,2214.090371
2016,NXB15_6467,TX-TX,2449.174416
2016,NXB15_6471,TX-TX,2225.683455
2016,NXB15_6475,TX-TX,1726.495239
2016,NXB15_6766,TX-NE,2175.362445
2016,NXB15_6882,TX-NE,2357.785231
2016,NXB15_6427,TX-NE,2109.919407
2016,NXB15_7266,TX-NE,1112.921666
2016,NXB15_7270,TX-NE,1368.957733
2016,NXB15_7271,TX-NE,1518.780346
2016,NXB15_7274,TX-NE,1921.391602
2016,NXB15_7278,TX-NE,1480.117739
2016,NXB15_7279,TX-NE,1631.525053
2016,NXB15_7282,TX-NE,1920.677007
2016,NXB15_7283,TX-NE,1280.803589
2016,NXB15_7286,TX-NE,1190.971228
2016,NXB15_7290,TX-NE,2145.772786
2016,NXB15_7291,TX-NE,1361.975773
2016,NXB15_7294,TX-TX,2839.386314
2016,NXB15_7295,TX-TX,1929.518444
2016,NXB15_7298,TX-TX,1994.286611
2016,NXB15_7302,TX-TX,2791.068838
2016,NXB15_7306,TX-TX,2226.48612
2016,NXB15_7307,TX-TX,2371.558965
2016,NXB15_7310,TX-TX,3311.151953
2016,NXB15_7314,TX-TX,2190.108327
2016,NXB15_7386,TX-NE,1485.921971
2016,NXB15_7387,TX-NE,2125.562281
2016,NXB15_7390,TX-NE,1628.983017
2016,NXB15_7391,TX-NE,1453.157362
2016,NXB15_7394,TX-NE,2612.802255
2016,NXB15_7398,TX-NE,1754.232984
2016,NXB15_7399,TX-NE,1041.759204
2016,NXB15_7402,TX-NE,1621.906467
2016,NXB15_7403,TX-NE,1538.909124
2016,NXB15_7407,TX-NE,1503.39069
2016,NXB15_7410,TX-NE,2046.274098
2016,NXB15_7418,TX-TX,3142.171725
2016,NXB15_7419,TX-TX,1969.155815
2016,NXB15_7426,TX-TX,1848.585587
2016,NXB15_7427,TX-TX,2890.331726
2016,NXB15_7430,TX-TX,2307.728464
2016,NXB15_7431,TX-TX,1680.16791
2016,NXB15_7434,TX-TX,2271.416606
2016,NXB15_7435,TX-TX,2069.966655
2016,NXB15_7146,TX-NE,1021.863845
2016,NXB15_7150,TX-NE,1936.101923
2016,NXB15_7151,TX-NE,1313.624277
2016,NXB15_7155,TX-NE,1423.643845
2016,NXB15_7158,TX-NE,1950.60241
2016,NXB15_7159,TX-NE,1545.613785
2016,NXB15_7162,TX-NE,1936.378273
2016,NXB15_7166,TX-NE,1396.743539
2016,NXB15_7167,TX-NE,1863.405969
2016,NXB15_7170,TX-NE,962.3201503
2016,NXB15_7171,TX-NE,1563.281354
2016,NXB15_7175,TX-TX,3354.641239
2016,NXB15_7178,TX-TX,2209.270492
2016,NXB15_7179,TX-TX,2774.971781
2016,NXB15_7182,TX-TX,2249.264653
2016,NXB15_7186,TX-TX,2735.756093
2016,NXB15_7190,TX-TX,2593.847643
2016,NXB15_7191,TX-TX,2619.86756
2016,NXB15_7194,TX-TX,2847.361609
2016,NXB15_7026,TX-NE,1880.671349
2016,NXB15_7030,TX-NE,2477.005
2016,NXB15_7031,TX-NE,2056.571741
2016,NXB15_7034,TX-NE,1410.691085
2016,NXB15_7035,TX-NE,1477.82967
2016,NXB15_7038,TX-NE,1822.585322
2016,NXB15_7042,TX-NE,2271.087496
2016,NXB15_7046,TX-NE,2582.946724
2016,NXB15_7047,TX-NE,1324.441579
2016,NXB15_7050,TX-NE,1310.83552
2016,NXB15_7051,TX-NE,2047.658432
2016,NXB15_7055,TX-TX,3142.867237
2016,NXB15_7059,TX-TX,2781.11833
2016,NXB15_7062,TX-TX,2957.767254
2016,NXB15_7063,TX-TX,2506.8882
2016,NXB15_7066,TX-TX,2641.955735
2016,NXB15_7067,TX-TX,1909.175522
2016,NXB15_7074,TX-TX,2316.810269
2016,NXB15_7075,TX-TX,1944.133899
2016,NXB15_6787,NE-NE,1485.943353
2016,NXB15_6790,NE-NE,2458.071806
2016,NXB15_6791,NE-NE,1969.824763
2016,NXB15_6795,NE-NE,1246.551046
2016,NXB15_6798,NE-NE,1065.066789
2016,NXB15_6802,NE-NE,1097.171528
2016,NXB15_6803,NE-NE,1364.29347
2016,NXB15_6806,NE-NE,1643.92334
2016,NXB15_6807,NE-NE,1450.626082
2016,NXB15_6811,NE-NE,2526.606698
2016,NXB15_6818,TX-NE,1517.476427
2016,NXB15_6822,TX-NE,1928.974328
2016,NXB15_6823,TX-NE,1885.694533
2016,NXB15_6826,TX-NE,2561.312601
2016,NXB15_6827,TX-NE,2294.434365
2016,NXB15_6830,TX-NE,2149.179889
2016,NXB15_6831,TX-NE,2401.428591
2016,NXB15_6834,TX-NE,2764.158671
2016,NXB15_6835,TX-NE,2530.27716
